./ARCHITECTURE.md	bc1d6ceddaf3721915e31360fd33b0fc67048c0f054f926a40e1103b7549b7f4
./automation/archive/20260223-104816/cycle-1/playwright/test-results/.last-run.json	91d1c43004802cd49950d78eb11c8fa7d05da8ffffe219a8b13b2f561bc00903
./automation/archive/20260223-104816/cycle-1/report.md	1d2f4006bde13c21e89c625d94a04ac2f3aad3e75382e5d472db8a093b53ab9e
./automation/archive/20260223-104816/cycle-2/playwright/test-results/.last-run.json	91d1c43004802cd49950d78eb11c8fa7d05da8ffffe219a8b13b2f561bc00903
./automation/archive/20260223-104816/cycle-2/report.md	57ee901fefd042c494c4a08b46818463bc9564da15f1ec536ba6ea8736e35f84
./automation/archive/20260223-104816/cycle-3/playwright/test-results/admin-password-reset-nav.s-2ef71-v-points-to-dedicated-route-chromium-desktop/error-context.md	db038b53be73c9ea307ec02c2631d13003bd593188293dfac84e65dca5cf1ced
./automation/archive/20260223-104816/cycle-3/playwright/test-results/admin-password-reset-nav.s-88d6a-ssword-reset-requests-route-chromium-desktop/error-context.md	b23a9e8a8116ea76b8e171fcfff0f3ed9a4101dd86e9969a26d0975f1418a347
./automation/archive/20260223-104816/cycle-3/playwright/test-results/.last-run.json	74b1aa88a803a3adfcea8b821de2d51ee405373c6db3c2d60389fc4019f39449
./automation/archive/20260223-104816/cycle-3/playwright/test-results/organizer-profile-nav.smok-1f481-ens-organizer-profile-route-chromium-desktop/error-context.md	137803eb84ce446922d311437a57c1d6e60cff948261d1e5bb235aabb2c11d61
./automation/archive/20260223-104816/cycle-3/playwright/test-results/organizer-profile-nav.smok-29dbc-rom-organizer-profile-route-chromium-desktop/error-context.md	b23a9e8a8116ea76b8e171fcfff0f3ed9a4101dd86e9969a26d0975f1418a347
./automation/archive/20260223-104816/cycle-3/playwright/test-results/.playwright-artifacts-2/traces/resources/9049f7452140b8889ebd419752c0eba054198cef.json	2840547294bc495e0075e65918017e986518bbdc83ae6664d01d4133bd620877
./automation/archive/20260223-104816/cycle-3/report.md	272e708c836898593fd3bb1a9a8db061fbae28c0289f907b1c94ec960fb2e29b
./automation/archive/20260223-104816/cycle-5/playwright/test-results/.last-run.json	91d1c43004802cd49950d78eb11c8fa7d05da8ffffe219a8b13b2f561bc00903
./automation/archive/20260223-104816/cycle-5/report.md	5509fc3af6d04d8a9e368464f91aeb306c6cc8f4ed8ed8069f7cee6e69cee783
./automation/archive/20260223-104816/cycle-6/playwright/test-results/.last-run.json	91d1c43004802cd49950d78eb11c8fa7d05da8ffffe219a8b13b2f561bc00903
./automation/archive/20260223-104816/cycle-6/report.md	2db639a820ba1dc4a3e4588d5d7bb4ec30f5c0f59ca50b6a1d9300d60c6705b3
./automation/archive/20260223-104816/cycle-7/playwright/test-results/.last-run.json	91d1c43004802cd49950d78eb11c8fa7d05da8ffffe219a8b13b2f561bc00903
./automation/archive/20260223-104816/cycle-7/report.md	b3e33daf2fecc4f1e89f07e8bbad19c37337d9134080eafc3de678600a74740e
./automation/archive/20260223-104816/cycle-8/playwright/test-results/.last-run.json	91d1c43004802cd49950d78eb11c8fa7d05da8ffffe219a8b13b2f561bc00903
./automation/archive/20260223-104816/cycle-8/report.md	3eb32fc2880ec052048e00671a1047bcc3f75e15e2f313570fae8ab188aed3cb
./automation/archive/20260223-104816/cycle-9/playwright/test-results/.last-run.json	1242b025fcd6ec7efc4b73acec1373a1bdec87f5c6141d565272fa0e7cd6a893
./automation/archive/20260223-104816/cycle-9/playwright/test-results/organizer-profile-nav.smok-1f481-ens-organizer-profile-route-chromium-desktop/error-context.md	843af4aa04af3dabe8b74c1712176931ce976388e5c61bc18ca64ee0a61d2629
./automation/archive/20260223-104816/overnight-running-20260222-231808.md	c3cf8036095b6db366cd74ac5d3475f6acbb4c95c454fac8c35104be5a380efc
./automation/archive/20260223-104816/overnight-running-20260222-231912.md	ab19fcc4daac759169844bca486569e588a6c7c8eb70dc660483d99f20e27e7d
./automation/archive/20260223-104816/overnight-running-20260222-232008.md	14210d372a8c851a4e7827fc1dfec33eb66d4a4053f707f25e9561a52a1853fc
./automation/archive/20260223-104816/overnight-running-20260222-234610.md	2d9d17cd57647687584787cdc624022cfd96e83b2860dcacee40066385c872b0
./automation/archive/20260223-104816/overnight-running-20260222-235029.md	c79695689cd75ce0b4b4fecdc36f43584f98fcb5e5b674a4e6fd3317b0c7ac74
./automation/archive/20260223-104816/overnight-running-20260222-235153.md	27f46712ac2f85dc891d14143cff8a0ffcd81d8f7827d38952ae974b7a77548d
./automation/archive/20260223-104816/overnight-running-20260222-235259.md	90cf8fe0a5050fb620c15cfd656c4117ffc45f68b6ca6d37ad8f366607bbacd2
./automation/archive/20260223-104816/overnight-running-20260222-235536.md	9726c819100799a3c9dd33d4ad2646942ecc98146fcaa54ea6f5dc1555e90709
./automation/.env.overnight	c0a3fbc9c0691741301997f58b0408aec982d5d4c5e10d59bda13adc8d7082c4
./automation/playwright/automation/artifacts/manual-smoke2/playwright/test-results/admin-organizer-admin-crea-84d64--in-and-creates-draft-event-chromium-desktop/error-context.md	9f8301f308c6d5ead00f9dccbd920be313c573af1814532aec321fe48dd98d57
./automation/playwright/automation/artifacts/manual-smoke2/playwright/test-results/.last-run.json	5837a0be8f0404b99cb970c84ab57197d4b2588c10d85979fa8ed3e5bf168672
./automation/playwright/automation/artifacts/manual-smoke3/playwright/test-results/admin-organizer-admin-crea-84d64--in-and-creates-draft-event-chromium-desktop/error-context.md	a5918b648399a3a1ebaa3c949d249fd237698095e84a48797aa323003a785d41
./automation/playwright/automation/artifacts/manual-smoke3/playwright/test-results/.last-run.json	5837a0be8f0404b99cb970c84ab57197d4b2588c10d85979fa8ed3e5bf168672
./automation/playwright/automation/artifacts/manual-smoke4/playwright/test-results/admin-organizer-admin-crea-84d64--in-and-creates-draft-event-chromium-desktop/error-context.md	c581c6da703037084c27a0e2df096e5e507b9f5d02129ef5dd6eb39fef8613bd
./automation/playwright/automation/artifacts/manual-smoke4/playwright/test-results/auth-rbac-participant-sign-7039c-ole-based-route-guards-hold-chromium-desktop/error-context.md	02c3f8d96497d0c33e01f910048ddc303b26da81d9c14c9b23c25e22103fb28e
./automation/playwright/automation/artifacts/manual-smoke4/playwright/test-results/.last-run.json	5998ac1bc4cf9d7897c0e239209bd5ed4c4c3d084e83ef02acf596c7f34a1db4
./automation/playwright/automation/artifacts/manual-smoke5/playwright/test-results/admin-organizer-admin-crea-84d64--in-and-creates-draft-event-chromium-desktop/error-context.md	821e6fa8c7fd51f09ccb8d31c4842c5588cb338fb828f4d0b1d4cb638aa0dea1
./automation/playwright/automation/artifacts/manual-smoke5/playwright/test-results/.last-run.json	5837a0be8f0404b99cb970c84ab57197d4b2588c10d85979fa8ed3e5bf168672
./automation/playwright/automation/artifacts/manual-smoke6/playwright/test-results/.last-run.json	5837a0be8f0404b99cb970c84ab57197d4b2588c10d85979fa8ed3e5bf168672
./automation/playwright/automation/artifacts/manual-smoke/playwright/test-results/admin-organizer-admin-crea-84d64--in-and-creates-draft-event-chromium-desktop/error-context.md	62a3943a459493ed9c35c673ffcf071eaa447438e939002adf8da74123f40825
./automation/playwright/automation/artifacts/manual-smoke/playwright/test-results/.last-run.json	5837a0be8f0404b99cb970c84ab57197d4b2588c10d85979fa8ed3e5bf168672
./automation/playwright/package.json	4070ee4831af92b2d7c0fb416f66e28c5e182ff220db56b83d3ada2034cc75e7
./automation/playwright/package-lock.json	4c92afd2800f68404aa47944c3be06b765d95f6757b37f7beab1e0357ba354f9
./automation/playwright/playwright.config.js	6014a80ace0c2e2c216fa960284e3dece9ad25b573fbbff0e63046e504ed9a12
./automation/playwright/report.json	4c7d9c5d5f6caa32601919eefa91543ca6741678286f5e61d1a8c6c31363faa2
./automation/playwright/test-results/.last-run.json	af9952d42b29257be27624fd14e8c1c91388be0de1e4e218a8c31885a7ecfbe9
./automation/playwright/tests/admin-organizer-delete-guard.spec.js	0a0ff92e3e3d7ed4329f8eaccbf70fe353cc351c5a631f87bcfe41762ea1d93d
./automation/playwright/tests/admin-organizer-disable-login-block.spec.js	60cdd1481e329a068eec61b1187f6450f748a0d797ae1afbc68e4346856e18d7
./automation/playwright/tests/admin-organizer.spec.js	a587868c47cc10b6314272f26b784840e4271ac183138d47d536a9c2845e0635
./automation/playwright/tests/admin-password-reset-nav.smoke.spec.js	f6e482daaa0407a2cf73ac5e0b60164a1b4b0577cf4c77d9afe434f3c60251b9
./automation/playwright/tests/auth-bootstrap-resilience.smoke.spec.js	4a928c0067c4385a4acd0dbba7c46058d4ddcc0cbeb79df1b9fa5ce54d720c59
./automation/playwright/tests/auth-rbac.spec.js	486ccbaac5b61ce575373691b76bda1e1cf98942165631f941b558a84cf74f78
./automation/playwright/tests/organizer-boundary.spec.js	de8881ed9cac93dad069787fbcf54b363b4c698d86a08d7d515189e9c210ed9c
./automation/playwright/tests/organizer-profile-nav.smoke.spec.js	7aeb39bf4b5050fcc8518d7cf95aa41c9633c3655550bc1417a2982894287ffb
./automation/playwright/tests/organizer-published-edit-limited.spec.js	4c369f5d4aeeffc98c2b54a5cbc6082cadcd7ea65f29d78b7fe31452b4f006ed
./automation/playwright/tests/organizer-published-reg-limit-decrease.spec.js	6fa48f1c8ceb2dc8b058daa44c9fac81476e427ba0fafa8853009648dfe45c79
./automation/playwright/tests/organizer-status-transition-boundary.spec.js	db75cb1f9e92af0d48deb67394f1c48ca0ff47734d4f7806be708889dba79673
./automation/playwright/tests/participant-browse-invalid-date-range.spec.js	b3cc7d0c4a5e0ad779eb608f3b8bce9a23837a45f38d979f550fa6745089119b
./automation/playwright/tests/participant-cancel-reregister.spec.js	3a2234fb27cd11c6f18ede3f3ac8e0c3a67dbba9d8591f737fa1303688ed3cb5
./automation/playwright/tests/participant-closed-event-registration-block.spec.js	d40df30f9944a756c99ed6885b55cf9560da2e494459fb9ee8f6f2410c6429d4
./automation/playwright/tests/participant-flows.spec.js	a8161e2fd963fde848613331fde5c44d88bfb1ea5da01b000a474e4f0315362e
./automation/playwright/tests/participant-followed-clubs-empty-filter.spec.js	a1147b3f7b9f27c430f3f8ffb18eb292a1ec68a339efeb59441b29e0e4868930
./automation/playwright/tests/participant-iiit-signup-profile.spec.js	b7e851da7658ee2cf4bbcce0c97c1efa0ef509f3ddd0dcf29c5313bfdb130704
./automation/playwright/tests/participant-profile-immutable-fields.spec.js	28a8323d2405502edc4ab23e6b244c002ccda1ea9971742c9b27230c39373042
./automation/playwright/tests/participant-registration-feedback.spec.js	18aa372356229f26c582deb913f88e04802c11f9cd886a476573ff6a124b520e
./automation/playwright/utils/auth.js	004661c80c4d98f52e29b2fb757c569699127ad6cffad6c8c005d6bec14ca273
./automation/prompts/explorer_prompt.md	074eaf74c006a17adeb595bcea708b7d31cfa6f46e14f06c74e60fb786924e95
./automation/prompts/fix_prompt.md	ef8675e68906755b8c95a3fe1e6ff86287067e610a17a886f6d8231ec67d2945
./automation/README.md	6c53d3b730230360101e83f7b5006fc3f728315b5260a3e4be61df51b8d95e2f
./automation/scripts/common.sh	b90da9453ea9cfb6e5b639e23b1e9d99b26803ca6d58dd06c5152f6c81c8cf63
./automation/scripts/overnight_loop.sh	9e1e26c16274541837e11b73914d47c1bdd734b5bbcdba1be6c4c4f24d30f400
./automation/scripts/preflight.sh	d8570d597fd32d0606473d51224b92c7f98101c788afdc1d4febe39be628e1ae
./automation/scripts/reset_db.ts	de18b24f740c51fae3615cd05f9f4e4d4e7b25e8009d94f69f79b182181a438a
./automation/scripts/reset_state.sh	978dcfc5d32873ebd766f5ad726922126f9848bccb8e54d89473330db12b0d73
./automation/scripts/run_codex_explorer.sh	7487efa0eca7e2e2385695894928364e48c97bbc7ba560d86f2495f9f537327d
./automation/scripts/run_codex_fix.sh	0d8f1bec00b3dd4d0282d4dc366e36265fb0d39f26958882dc832a6e39b7e141
./automation/scripts/run_cycle.sh	e915941b5ade08e9638d04b402dc0aa2e6e8ecc1a89d428e8953e73470d4ee02
./automation/scripts/run_playwright_suite.sh	6c93180400872a9a8dd5fbedfae0e9bb8c228cbae2325b396a2dbd16d9669833
./automation/scripts/start_services.sh	bc71b53476fade6f0ef78ceff0d25236bbd8d8f04c444ab56235b1c3c92b21e5
./automation/scripts/status.sh	41be3ed7d0ddbb1ad3a2c93b6c17c9a1ab79889f72e1c931f2cddc8bb01934a9
./automation/scripts/stop_services.sh	eca84ae2cfd6dd182603b4aeed2024c999caa956a46c06071491a8e4265eab5c
./backend/.env	8040ecfaa1e9069f165604e07ed2f7de6a249190123a1a9a0d715983fb0e4879
./backend/package.json	e1ecb3610d3f397bfaf9a9fd37595a11bb949acdcd1fd7bfe0431d2b30225aff
./backend/package-lock.json	4c8692e0c096a1de7164d8873a76b750ae7cb6bf39c342461e5f7b335208b7f0
./backend/src/app.ts	36e036b279ed60e9eb597e13b844c64d9295dcd2234f9c4569640152ce995b67
./backend/src/config/cookies.ts	549ada59270b6b6a631116dcf97a8636ebfdc29264971491a2a262fc45f15e8f
./backend/src/config/env.ts	32db069fc80ee8113fd5b42483a28c8a5c5bce2f6b34bc2f9c22a130b0e14cb3
./backend/src/db/client.ts	20992c182b32600a6c55113d05f9ba8f3eed41ea6c297f7f60af0c6e46a8759d
./backend/src/db/collections.ts	b06bf8dd10e55cc36b24310e9122e4f60c9ee4bd4a247d7850178b78d53c363a
./backend/src/db/indexes.ts	f0fc7c0f09ce24a3242079a1635e10b14b5e069ae1d2b88978f2a6608602b04f
./backend/src/db/models.ts	67041a6bd24a0542a8520c5f5409a71f009c5f751517237b3a3337fb1c5df21e
./backend/src/middleware/auth.ts	d98a828d240b380fc8528317567a0f304a694cfd9f68d736085aa68ae0372d9a
./backend/src/routes/admin.ts	c6e5e4f42559de43614433c03c17b5a1977bc6b9d9d5c3a415447edc7306f7ac
./backend/src/routes/auth.ts	b1a71a339f2eeb11115e5281093b03c4e131abb9ee838ab8bd892fa62f15018e
./backend/src/routes/events.ts	174acfa9e3bd26b6828cc534000c1c9cea5191779b4ab5285f12906857e0d80b
./backend/src/routes/health.ts	a9ca0b59ce334fa369a9e6ed961bc1bb1b33855a33e60054224a7edae1793cb7
./backend/src/routes/index.ts	b6e59960e9070966623ad2ee2b594d6e840e97cab9b3578535e8f9853ba5753e
./backend/src/routes/organizers.ts	03477e1db76855e2793a4895b200d6e1920a40f405150af13a989446b1dc4826
./backend/src/routes/participants.ts	545983c45458f5de3f0c5689558819308fbb0ccd2daa8432d1e47a5f513f383e
./backend/src/routes/participations.ts	5888d73969256eb1dc2af844db8a89b3084110893df3f171e217b9a31dd1058f
./backend/src/routes/security.ts	6eab4f575e91020e9d2704e875b10a4c24d3f6f46c4e2e095497fd00c40766d8
./backend/src/routes/tickets.ts	f0c4322734af944335a59318cbcd97f22e58a9691e9976f08a35502a092bf9f2
./backend/src/routes/uploads.ts	4e958c5805e541891a878ecb16b42b5f6c1bfdb41442231d59261eb6bf6b1a63
./backend/src/server.ts	a46db1dc21dad9f1955f7b3de41a0c5e2029b1cf8df820f1f03767a3cc254d97
./backend/src/startup/seedAdmin.ts	c0cb79ef87662fd0a15224a73557f44fe7116f8ec08e8342a2124e5e1a521441
./backend/src/types/express.d.ts	95d2d7de8145c73f0e1b73b8a067f178f9c17b0592b6037fe07b46e8107717dc
./backend/src/utils/csv.ts	bf449c814948496135b3f6dc2ece71bfaa5401515f39f96169369f59b6cdddf2
./backend/src/utils/discord.ts	f94851d89c67b9deb1037da9f41c60eb3bb0c935b10b3562a0a449e22c3f38f5
./backend/src/utils/email.ts	d42891aa7d7a6991f03683a7f59911e8ed26457a2691e7cda51ed55a094d926e
./backend/src/utils/jwt.ts	62e34729d529b235490a098bf542938fbd1f537053ebc7440ad1cfa30115ed89
./backend/src/utils/password.ts	6106a8d7d988635c092bdaa584d007902d06b7284255349028faaeada0fd21ef
./backend/src/utils/tickets.ts	96b3fe4397ce3c2d00d50f10a43e7eac1eb870ffb9e1073ba00dab63bfce7281
./backend/tsconfig.json	8eabf4fa7bcedd7e163714784837a775f168640fba3307ecb191d4c327fb38e1
./docs/notes.md	5fff5a9a8c2f0b04646f01ccf1227975ebf858083e77b176e71bdbcd6f69c06c
./docs/plans/2026-02-13-assignment1.md	d21e5c97f38924de8c7ca2ecdb9fc5c2b6849f45e93a5c51869886e532cef3a2
./docs/plans/2026-02-22-basic-gap-closure-plan.md	b0f277b005b1b690a446cd42ee64aaf09d0b37e084a5193ed00b694e15bcb211
./docs/summary.md	e9b2c5f02bc90329c00f80ad51f8361da933e4be2c6c8087f6194f2e7befafab
./explanations/events-registrations-flow.md	4900a7c4f02cc86016fd952c0aafff3332aa3db49a3886255670900f09c4bb4f
./explanations/participants-profile-onboarding-follow-flow.md	f346d817a0a48ed2cadab1b76e3b6f590704dfa51c1d44d92d77b31786430e15
./explanations/participations-tickets-flow.md	a5df34d206cc32d6a932f88e6964f0298e0aa0aa1baf17e92cc084b9b0057386
./frontend/.env	4d2edc508ad82df43b7ed4da2bbcf1c4705f73561711a691b94429f49239e4d4
./frontend/eslint.config.js	4efe97b16d1200fac0eaf07aa00930a8668b1f96a0be1891ace8c1e712ff0ccb
./frontend/package.json	80cd35aaf105d454fb9d5d236bae46148bf1a14a3261b7c183853778bebdbd3d
./frontend/package-lock.json	796d7e37378d50ef316fe8ee521f4719a3da8ba7aad90b4f3f3b15dec189c4d4
./frontend/README.md	f58b5b17f83db63c09a9f2c059ec435ac8a3feb66f9337391ed5f3f62cff4e63
./frontend/src/App.tsx	ff4d9bcc5f892f43b35d5a78ab3d9f0f6310bf93827a20ac9dcc68c7af19ffa9
./frontend/src/components/AppNav.tsx	ae6f1d5fbde76052127b1d2bc11eed3970e26dfa7c139d07593987f2e865a0eb
./frontend/src/components/EventCard.tsx	47931c25a180a2a87d8116af02f02dffc0137a0413244ea4533cac9ffad3ce80
./frontend/src/components/ProtectedRoute.tsx	42bc2e6d74f3bc666480bb185694c1965371b6b692ddcc9ac7cb7e5376f448d8
./frontend/src/lib/api.ts	6e06da5d96c6f4dabf572ab3e0e1f92ec2cdc9d771416cae87f6045be60f83a0
./frontend/src/lib/authState.ts	c2a372d4def4b8f6fdc7adaf3b3755f21826eaf5ec80c1fb9bee68ca984ba4bb
./frontend/src/lib/auth.ts	7e7b563738584da31be8e80bea0b90b0db00a6040208189b6bf624eb52ff3d1d
./frontend/src/lib/errors.ts	d371f1fa17d90f8a1c123597fc258ce71be70217223b9da2013e5c99a2925b02
./frontend/src/main.tsx	3410249044e5d00c43c7300bcf2318890a6753ff00efc0de6b4f24625379a259
./frontend/src/pages/admin/AdminHome.tsx	27753593b8fbe61b1fa7a414d1598290acb8dc8d9f4c348f29301eceb9b55973
./frontend/src/pages/admin/AdminPasswordResetRequests.tsx	18246448def5a0953729a4114a2d9f5bd34f4202061ec9dd201fbb4bc248f189
./frontend/src/pages/AdminDashboard.tsx	9f409e9abf1441bf939ed80cde8d98560be59f009f128c37e8916f4bde060391
./frontend/src/pages/admin/ManageOrganizers.tsx	b7b5b14e9616e1dbf67738b0f842205cc248e0c526ebf4cb0b9fa53ef893f948
./frontend/src/pages/common/ChangePassword.tsx	d425fc2566ad777f272d1798e4e775f21dddb942d7f70e6422372d14be80ad7f
./frontend/src/pages/Login.tsx	007915a35463817f714b53c9c491e680960f3269a7b50a148fb3b3ce94c4c43f
./frontend/src/pages/organizer/CreateEventWizard.tsx	262605274b1a0af65b9d0592687c1cf03769604cd23bcb543b9b3b315a1e1683
./frontend/src/pages/OrganizerDashboard.tsx	de3fa250ece07295c9382942fbde0114f03fcc7c7d45204dec1f10aa5a02975a
./frontend/src/pages/organizer/EventDetail.tsx	77a4195326fb997f05161398818450098ee20a2239619a645969e3918b8e3e8b
./frontend/src/pages/organizer/EventEditorForm.tsx	2b695281084e7c0a149f2bdffa1eae09485bcfa90e492ca6f79dc4e7cfab24e9
./frontend/src/pages/organizer/MyEvents.tsx	0bb8d470fd63946f0168975fc190e2998d8587b640ed70fc0712fc4fcccf4e5c
./frontend/src/pages/organizer/OngoingEvents.tsx	f9fb7ca5f321b94f69c21204688127554b1d5ca11392991ecd36c7d139c303df
./frontend/src/pages/organizer/OrganizerProfile.tsx	dd805c6b0846572aae9996068ce6cef9d84f5236f476090fa85b4756c4d1a590
./frontend/src/pages/participant/BrowseEvents.tsx	81765ab647c58d59aaf7fafbe7e6017abe18cec328d13c3dd4b2db5728034704
./frontend/src/pages/ParticipantDashboard.tsx	514bf3eb491b9b17797598a0d768d59c1645539ca0b30c2935553fa1b2333413
./frontend/src/pages/participant/EventDetail.tsx	a54b219776172791b1402d443c24ecaccafde75a311266a73707c481898058e6
./frontend/src/pages/participant/MyEvents.tsx	16fa9de961ce7e3d20ddc19a7b09002736ed250c93da78fa2af490ba9d041266
./frontend/src/pages/participant/OrganizerDetail.tsx	f20031dcbe3b0ee0450023ce62cc047589873ec3d2e52b9d1716d7e9ef888e9a
./frontend/src/pages/participant/Organizers.tsx	2cbd8d0f214643ea1d6c16b057aa7557d98d4709cdabe781fc61ea9a028195fb
./frontend/src/pages/participant/Profile.tsx	b13ee2539d465c4e74f155f1dfa3ab226797bf665cfcfb7407f331c72e39d5ee
./frontend/src/pages/participant/TicketDetail.tsx	a5970f64d1500c9db094715bd01c10b26a9e86e79185e838e11173c2f32dd238
./frontend/src/pages/Signup.tsx	d2793263508c7e221339a65e5fbc729f82646048b48ba73b32a2953ca8ae878d
./frontend/tsconfig.app.json	922bc5bfb41bdc0768023b2487d54b3ae23c587d999024d4f32cde879ae6f4d8
./frontend/tsconfig.json	770b4140bbb581e2dfd9ea9946ffc9c75a1d86ba7d2db5f77c83e37cbdf9d808
./frontend/tsconfig.node.json	c3dd0fb522feba3596713f51b95bd53d781d845d24aedbfa2ac093d8b39c5120
./frontend/vite.config.ts	4d36db3522a7b2dd10e0936e1004373c7ee65f10f7cd7920cd76410459c15a45
./.opencode/node_modules/@opencode-ai/plugin/dist/example.d.ts	2bd8bf5bcc3c67b122f5bf2518f66d505d282b199315ee5a43ba15dd2606b6b2
./.opencode/node_modules/@opencode-ai/plugin/dist/example.js	e0b1f64953895412014b6716eae17bbda9e1719fcd434bb6065e88d0204a811d
./.opencode/node_modules/@opencode-ai/plugin/dist/index.d.ts	4b25ce6e293ee6baa2baa96bb2476e932c6932576a1fee063734f140f15df5e2
./.opencode/node_modules/@opencode-ai/plugin/dist/index.js	43202f7333da6d8627c9d65d992e35d100d8bdf20327373faa811360be92c21b
./.opencode/node_modules/@opencode-ai/plugin/dist/shell.d.ts	340d8057526217987a3a797d93a03b6e6c9a9e1cd8e7c46a676ea008a710afe1
./.opencode/node_modules/@opencode-ai/plugin/dist/shell.js	e3b0c44298fc1c149afbf4c8996fb92427ae41e4649b934ca495991b7852b855
./.opencode/node_modules/@opencode-ai/plugin/dist/tool.d.ts	10c4747fb7470f341a977f88fa3c66bf05593cd835a25185f996244c5b638073
./.opencode/node_modules/@opencode-ai/plugin/dist/tool.js	a01230d42fa1055ddb4b378e0128f156e2db07f6f6eadbf2da174eb634380b16
./.opencode/node_modules/@opencode-ai/plugin/package.json	de8843b19e4a34c3bdb41a1b225f68677f36373ed89a4d3f553aa2d462109758
./.opencode/node_modules/@opencode-ai/sdk/dist/client.d.ts	84edb938f2b673df750cf83e9516218404e9df7e32e66f2f063c813d7f4d0e62
./.opencode/node_modules/@opencode-ai/sdk/dist/client.js	80da2be50c7ec42408bf0d98648565c9979daea7c3d02aaf6cd9efb9cb99e444
./.opencode/node_modules/@opencode-ai/sdk/dist/gen/client/client.gen.d.ts	358599da1d31542e1d3ebf35a4a98665395ea8eaf0063826b8838974f7e826e5
./.opencode/node_modules/@opencode-ai/sdk/dist/gen/client/client.gen.js	a4303bf5538ac7652dd7ab06f709024356a674318e452f71bf391ffe6b30a727
./.opencode/node_modules/@opencode-ai/sdk/dist/gen/client.gen.d.ts	30243dd321042c89cab45896e85d4d7c0fd8e0ba184e9b2163201945eaed71be
./.opencode/node_modules/@opencode-ai/sdk/dist/gen/client.gen.js	aba08480d2ca9591f619b13fd0cb2bee3a4a9648004141229b7a2f67391bcde1
./.opencode/node_modules/@opencode-ai/sdk/dist/gen/client/index.d.ts	06240cf9eca32a7ea5436ee67c8420bc1ddacfaf0d28cd17d09dd56a65c8fb9a
./.opencode/node_modules/@opencode-ai/sdk/dist/gen/client/index.js	190026b1b139eaf999907d9be7af64a4485dcf07e15f392fbb46c391f625aa58
./.opencode/node_modules/@opencode-ai/sdk/dist/gen/client/types.gen.d.ts	11f6e61b31e0c89eae79ce790895bf85b918572c32c2de45998f7cbacbb3b963
./.opencode/node_modules/@opencode-ai/sdk/dist/gen/client/types.gen.js	17ebe2baaa8d2f0c94afaaaae74a46e43e2b163a0f4ffd69adb39ad57c318e78
./.opencode/node_modules/@opencode-ai/sdk/dist/gen/client/utils.gen.d.ts	77fed0312d2ec2b08afb890b7760b5f2328f6e09065ea05b5fc35d5294fbb434
./.opencode/node_modules/@opencode-ai/sdk/dist/gen/client/utils.gen.js	723a458bd538ada79b036e49a2c28d29e674647b51e28b61ba3fd8074ae41d84
./.opencode/node_modules/@opencode-ai/sdk/dist/gen/core/auth.gen.d.ts	96135fbf1dab9f857c9df88a191fdc435517f7a5b021d09cad0c290a1dcec436
./.opencode/node_modules/@opencode-ai/sdk/dist/gen/core/auth.gen.js	5daa30e9a92a9fb4c8df37212c6bf421e6102dcb6070b32a7cdb978ecc27c230
./.opencode/node_modules/@opencode-ai/sdk/dist/gen/core/bodySerializer.gen.d.ts	44fd7a3b2fac384971e638548c227835a2f8c3c2232edff7e0f951a0e136e562
./.opencode/node_modules/@opencode-ai/sdk/dist/gen/core/bodySerializer.gen.js	133af6e45e6541018e1cdff6a59d610421c97e3215ffcb1447b682a74a278d6b
./.opencode/node_modules/@opencode-ai/sdk/dist/gen/core/params.gen.d.ts	d23fac93be3afb1c83269864f13b5e5fc246b05cb21b7e019e38403e4ef1aba5
./.opencode/node_modules/@opencode-ai/sdk/dist/gen/core/params.gen.js	6176cffd7187e9192957bb3f5df926d84f3b952079b2c33ce00f2ee37d7b401e
./.opencode/node_modules/@opencode-ai/sdk/dist/gen/core/pathSerializer.gen.d.ts	c36ce4ffa39eae9d8d5f3262bbff170f55b375156bc4eeadadfeede2820aa4c2
./.opencode/node_modules/@opencode-ai/sdk/dist/gen/core/pathSerializer.gen.js	f92d4e9209d6d6bcfc3b8bf0152f85f9004aa9a3163d1113d132651c2c022581
./.opencode/node_modules/@opencode-ai/sdk/dist/gen/core/serverSentEvents.gen.d.ts	c41ccf7ec4fecea9d6e5b72ae7f20c91bbe85a8a82caada5ae8a3bc5a56c8926
./.opencode/node_modules/@opencode-ai/sdk/dist/gen/core/serverSentEvents.gen.js	ee09b085675f234fd6c35aa125c237202a8b728f885b24ab65e7d05ffbb2dd43
./.opencode/node_modules/@opencode-ai/sdk/dist/gen/core/types.gen.d.ts	80498d31235c22ee711a9fb6f0ca2bcb8fbf5c9a787f3d3a76962b440df70013
./.opencode/node_modules/@opencode-ai/sdk/dist/gen/core/types.gen.js	17ebe2baaa8d2f0c94afaaaae74a46e43e2b163a0f4ffd69adb39ad57c318e78
./.opencode/node_modules/@opencode-ai/sdk/dist/gen/core/utils.gen.d.ts	46f46fcafdf1b4e003679a35ee1a2d9c3a7e31b780fb437903fb1a6273483d52
./.opencode/node_modules/@opencode-ai/sdk/dist/gen/core/utils.gen.js	90a6a76e6d717839cb6fbaec696fe17a1f407ba696513366315fb30f5793b871
./.opencode/node_modules/@opencode-ai/sdk/dist/gen/sdk.gen.d.ts	5f71dae22207eb5119b2e005e046c0404a29454292e07c68668e39c9931414cd
./.opencode/node_modules/@opencode-ai/sdk/dist/gen/sdk.gen.js	2c40e32e5a6c06a4a0c02a78c010906ea2f9fefbea104abadf29e4dccc05d51f
./.opencode/node_modules/@opencode-ai/sdk/dist/gen/types.gen.d.ts	abd950a6eb114f55ae2210538340b4167a5d6e2f270864433417a9417c9c59b2
./.opencode/node_modules/@opencode-ai/sdk/dist/gen/types.gen.js	17ebe2baaa8d2f0c94afaaaae74a46e43e2b163a0f4ffd69adb39ad57c318e78
./.opencode/node_modules/@opencode-ai/sdk/dist/index.d.ts	2a7a35e3f1ead49569fe0423ae65055184f9384b97999cd90bb99878f727e585
./.opencode/node_modules/@opencode-ai/sdk/dist/index.js	c89e7660b6c14b282f497cf590f1693a49a421bba437a2d3ef2c2f6b51326958
./.opencode/node_modules/@opencode-ai/sdk/dist/server.d.ts	579f61b51c0e5dc0119ab49fc536130749280c7a23e489e753fcce08c229ce2c
./.opencode/node_modules/@opencode-ai/sdk/dist/server.js	79afd73e4c83f595b3ab91193cf6a9359e95506e4825b8f433d47926afdaab14
./.opencode/node_modules/@opencode-ai/sdk/dist/v2/client.d.ts	84edb938f2b673df750cf83e9516218404e9df7e32e66f2f063c813d7f4d0e62
./.opencode/node_modules/@opencode-ai/sdk/dist/v2/client.js	83b6c791deff3dcf443b2df187c336e2458d2069837194951416022ffca7b7e1
./.opencode/node_modules/@opencode-ai/sdk/dist/v2/gen/client/client.gen.d.ts	358599da1d31542e1d3ebf35a4a98665395ea8eaf0063826b8838974f7e826e5
./.opencode/node_modules/@opencode-ai/sdk/dist/v2/gen/client/client.gen.js	90b45d194961c72dd2775b39af02c69fd49587a8a4f4d56d3407b12b8073447d
./.opencode/node_modules/@opencode-ai/sdk/dist/v2/gen/client.gen.d.ts	c1af887105801d15dd6eeb88cb42e680d33e4a1d7cb6372011b3224bd81d7c4d
./.opencode/node_modules/@opencode-ai/sdk/dist/v2/gen/client.gen.js	a5f22d5f97899072c3a6afe04312f0b4838a811458427627f60473c63c0ead5d
./.opencode/node_modules/@opencode-ai/sdk/dist/v2/gen/client/index.d.ts	55122db1dc0aa0340759af31319c40309930899ee2d67c82cd0d3cfc68b3c29c
./.opencode/node_modules/@opencode-ai/sdk/dist/v2/gen/client/index.js	cbbc149808c7dd0c00ceac3df03a948f8f701ec049a763ce14567abe306a7a54
./.opencode/node_modules/@opencode-ai/sdk/dist/v2/gen/client/types.gen.d.ts	481c7349554c63b0930b792ad2f0174f7d0666b3ec11c203f72d3b5be22f1d3b
./.opencode/node_modules/@opencode-ai/sdk/dist/v2/gen/client/types.gen.js	17ebe2baaa8d2f0c94afaaaae74a46e43e2b163a0f4ffd69adb39ad57c318e78
./.opencode/node_modules/@opencode-ai/sdk/dist/v2/gen/client/utils.gen.d.ts	53be801bc15e23f6ebb90c6675ad1803a6488f19b0b36c11f309e9899e74e75f
./.opencode/node_modules/@opencode-ai/sdk/dist/v2/gen/client/utils.gen.js	c593c1f1fe32737c849a284677d9a1e0643b125bcb5727b1afc7638d7f01eee8
./.opencode/node_modules/@opencode-ai/sdk/dist/v2/gen/core/auth.gen.d.ts	96135fbf1dab9f857c9df88a191fdc435517f7a5b021d09cad0c290a1dcec436
./.opencode/node_modules/@opencode-ai/sdk/dist/v2/gen/core/auth.gen.js	5daa30e9a92a9fb4c8df37212c6bf421e6102dcb6070b32a7cdb978ecc27c230
./.opencode/node_modules/@opencode-ai/sdk/dist/v2/gen/core/bodySerializer.gen.d.ts	010b37dfe9c2cbc48d874bcab4074917ea836e630dc577a9e2d03e97da2236e5
./.opencode/node_modules/@opencode-ai/sdk/dist/v2/gen/core/bodySerializer.gen.js	133af6e45e6541018e1cdff6a59d610421c97e3215ffcb1447b682a74a278d6b
./.opencode/node_modules/@opencode-ai/sdk/dist/v2/gen/core/params.gen.d.ts	210945863764365e1e6b4e9c7e6fdd76e3b4aac91f38b7a5a0830ac112d57ac3
./.opencode/node_modules/@opencode-ai/sdk/dist/v2/gen/core/params.gen.js	b3c95661ddaec7c7e54fb17bca6a51961ea5b383daa218fe6c862f05fcf594d2
./.opencode/node_modules/@opencode-ai/sdk/dist/v2/gen/core/pathSerializer.gen.d.ts	c36ce4ffa39eae9d8d5f3262bbff170f55b375156bc4eeadadfeede2820aa4c2
./.opencode/node_modules/@opencode-ai/sdk/dist/v2/gen/core/pathSerializer.gen.js	f92d4e9209d6d6bcfc3b8bf0152f85f9004aa9a3163d1113d132651c2c022581
./.opencode/node_modules/@opencode-ai/sdk/dist/v2/gen/core/queryKeySerializer.gen.d.ts	60d1baa9e7b198ea9221564bc5000c97fd9fb9a9d74974cb08f0176192612b2b
./.opencode/node_modules/@opencode-ai/sdk/dist/v2/gen/core/queryKeySerializer.gen.js	cc69f01bfc81230f20a2355c6785d8f83e37d79119d55d5c1f44f099ff4740ff
./.opencode/node_modules/@opencode-ai/sdk/dist/v2/gen/core/serverSentEvents.gen.d.ts	844af05b12599165533995c74c309effc0106729f86e8596c2c9ec4868b80d94
./.opencode/node_modules/@opencode-ai/sdk/dist/v2/gen/core/serverSentEvents.gen.js	218952938cd653a781ef512a60de49e4b558e5fb25558b27d96ada68b5eda4bc
./.opencode/node_modules/@opencode-ai/sdk/dist/v2/gen/core/types.gen.d.ts	997352ab110eb2f15bd22e39882b9bfcf884b84b4d57cc0d24dd9037b36681c5
./.opencode/node_modules/@opencode-ai/sdk/dist/v2/gen/core/types.gen.js	17ebe2baaa8d2f0c94afaaaae74a46e43e2b163a0f4ffd69adb39ad57c318e78
./.opencode/node_modules/@opencode-ai/sdk/dist/v2/gen/core/utils.gen.d.ts	6be7640d8a8bcbeb9054bf83ab782d68e4cd761f3738bf776615d5ae9b729cbd
./.opencode/node_modules/@opencode-ai/sdk/dist/v2/gen/core/utils.gen.js	110a18cdb229ab980a39aa222eca37e5a3b75773199555b7f8d2d110f588b4de
./.opencode/node_modules/@opencode-ai/sdk/dist/v2/gen/sdk.gen.d.ts	7b2e983f1ced342e52616a0a603fac3e9bbcfa2f2bc8f9e0678ffe5406b64e33
./.opencode/node_modules/@opencode-ai/sdk/dist/v2/gen/sdk.gen.js	d77e6cb8723c180bd60fe49776b00f7423425e3d05280180da0881a20cf08e82
./.opencode/node_modules/@opencode-ai/sdk/dist/v2/gen/types.gen.d.ts	065b54f5ac2c9b84447fdac3b752935dbdd03939799a4b57f892af298e9b036a
./.opencode/node_modules/@opencode-ai/sdk/dist/v2/gen/types.gen.js	17ebe2baaa8d2f0c94afaaaae74a46e43e2b163a0f4ffd69adb39ad57c318e78
./.opencode/node_modules/@opencode-ai/sdk/dist/v2/index.d.ts	2a7a35e3f1ead49569fe0423ae65055184f9384b97999cd90bb99878f727e585
./.opencode/node_modules/@opencode-ai/sdk/dist/v2/index.js	c89e7660b6c14b282f497cf590f1693a49a421bba437a2d3ef2c2f6b51326958
./.opencode/node_modules/@opencode-ai/sdk/dist/v2/server.d.ts	579f61b51c0e5dc0119ab49fc536130749280c7a23e489e753fcce08c229ce2c
./.opencode/node_modules/@opencode-ai/sdk/dist/v2/server.js	79afd73e4c83f595b3ab91193cf6a9359e95506e4825b8f433d47926afdaab14
./.opencode/node_modules/@opencode-ai/sdk/package.json	bccc80263dc08918e61e881bdf2d409493a760351b378efa057c6c2e68a4e35d
./.opencode/node_modules/zod/index.d.ts	c733a1897d6b4b30dad6998597f6896b265b094a65534359ada34b08ecf8932c
./.opencode/node_modules/zod/index.js	c733a1897d6b4b30dad6998597f6896b265b094a65534359ada34b08ecf8932c
./.opencode/node_modules/zod/locales/index.d.ts	0b98ccbe349eb9774d8c96fa381335cef127140996f91a4eea47b7742b55f51d
./.opencode/node_modules/zod/locales/index.js	0b98ccbe349eb9774d8c96fa381335cef127140996f91a4eea47b7742b55f51d
./.opencode/node_modules/zod/locales/package.json	5cb4c7dad36258f0c5b26d914adfebd66105dddc4af3c12d2b3173e7e5674191
./.opencode/node_modules/zod/mini/index.d.ts	cf94ca2939d655e17fdfd1d0a3aceb4cbeb040d8946e9c9c1eaa5cc734dc69c8
./.opencode/node_modules/zod/mini/index.js	cf94ca2939d655e17fdfd1d0a3aceb4cbeb040d8946e9c9c1eaa5cc734dc69c8
./.opencode/node_modules/zod/mini/package.json	5cb4c7dad36258f0c5b26d914adfebd66105dddc4af3c12d2b3173e7e5674191
./.opencode/node_modules/zod/package.json	67f2058ef56c9209df51e6fe0dd1395eb25af454974de2978ced56008e6fad5e
./.opencode/node_modules/zod/README.md	67485f7fe9fda912f02235894aa782f4354ca2f568b4735db005d0ee52390628
./.opencode/node_modules/zod/src/index.ts	c733a1897d6b4b30dad6998597f6896b265b094a65534359ada34b08ecf8932c
./.opencode/node_modules/zod/src/locales/index.ts	0b98ccbe349eb9774d8c96fa381335cef127140996f91a4eea47b7742b55f51d
./.opencode/node_modules/zod/src/mini/index.ts	cf94ca2939d655e17fdfd1d0a3aceb4cbeb040d8946e9c9c1eaa5cc734dc69c8
./.opencode/node_modules/zod/src/v3/benchmarks/datetime.ts	0d1a81e5608b286c1843aaecb20bd7d1f62b6674a610a51dc7d1043bed05963d
./.opencode/node_modules/zod/src/v3/benchmarks/discriminatedUnion.ts	33e4f792dbfdc735a72f92fcc117d3dbaea8e7ff3937d523bef3df44814805d3
./.opencode/node_modules/zod/src/v3/benchmarks/index.ts	27f4322ad98e28575d5849a7612c6acea55cd5be8a1571d1885a656e8a9d5620
./.opencode/node_modules/zod/src/v3/benchmarks/ipv4.ts	3ef475926d7e95a5880cd9d7bd780f98642189010046bb9748e27e50360da333
./.opencode/node_modules/zod/src/v3/benchmarks/object.ts	ea0f6d4b3e2c6f47bf1739a53473997da4aaacc1e5f59e57f00cfb6b7f59a4e5
./.opencode/node_modules/zod/src/v3/benchmarks/primitives.ts	706d51c7048aff5108dd71b33b5c66d354a6856be0a48b23bc32e55d284c31d0
./.opencode/node_modules/zod/src/v3/benchmarks/realworld.ts	9bcc944a5e875ca191ca10542c113dde3c754e45a196400726f251b045e14215
./.opencode/node_modules/zod/src/v3/benchmarks/string.ts	ed17ef186249dc4f1da01a2d5e0bd3c87da6d0d2dcad89e8afa05e0920d98536
./.opencode/node_modules/zod/src/v3/benchmarks/union.ts	9eec8e3e58cb4d3dd76be11874187f71a99c27e06c639de0cc9d8d928687fe0a
./.opencode/node_modules/zod/src/v3/errors.ts	cb8debd524102d5a38dbaadd72b220f68349dbac51ac9663569c1807f64b3772
./.opencode/node_modules/zod/src/v3/external.ts	5d26d2e47e2352def36f89a3e8bf8581da22b7f857e07ef3114cd52cf4813445
./.opencode/node_modules/zod/src/v3/helpers/enumUtil.ts	dffcb43b363e6804128c415c128c32dbbda302049cfce7662b2f0e17eeae044e
./.opencode/node_modules/zod/src/v3/helpers/errorUtil.ts	808aa0875577c556006ca193a5d4bd35a2ade57e50e09199fd9cbf6e780f0a31
./.opencode/node_modules/zod/src/v3/helpers/parseUtil.ts	cb94690c02dce392b98ca364de0d4b24f42db715fbb1759a08bcfb7fa6674645
./.opencode/node_modules/zod/src/v3/helpers/partialUtil.ts	68848db44869461bc20373abdcd002e32cb3759e2d5801ba3d9894d2c23db0b1
./.opencode/node_modules/zod/src/v3/helpers/typeAliases.ts	d3cfde44f8089768ebb08098c96d01ca260b88bccf238d55eee93f1c620ff5a5
./.opencode/node_modules/zod/src/v3/helpers/util.ts	df1b9ea5a29a591f273555e240142431617e686aa6a97f172193770c26841a52
./.opencode/node_modules/zod/src/v3/index.ts	3db2efd285e7328d8014b54a7fce3f4861ebcdc655df40517092ed0050983617
./.opencode/node_modules/zod/src/v3/locales/en.ts	f729055c5f4acb839084e5c66c80bdecca02a78df6b048224e56e634322cb223
./.opencode/node_modules/zod/src/v3/standard-schema.ts	e14e38f67bfc8d76e208366f639b73b3292f2bd46c97a44f43535c2389927ece
./.opencode/node_modules/zod/src/v3/tests/all-errors.test.ts	d629da33805d24b17d1f6383009acfbf3b769bd4f2d8191a9720d68e4e64ab7d
./.opencode/node_modules/zod/src/v3/tests/anyunknown.test.ts	fac8ebb9d3007f7ef1ea320eed85b22b3248fde6bb1fe645a1a513b69442c014
./.opencode/node_modules/zod/src/v3/tests/array.test.ts	e7d3813182c59e511d350bebbd2a25b349868cc73d057b23b1d85a4d927b3711
./.opencode/node_modules/zod/src/v3/tests/async-parsing.test.ts	45f829362cc917d9505e244ea0d9a06d71a1953747dc31e57780388e82ad5afa
./.opencode/node_modules/zod/src/v3/tests/async-refinements.test.ts	cfd6752223678338c949f1716deeff8c18807f31343d6a4544f494d10e5acf60
./.opencode/node_modules/zod/src/v3/tests/base.test.ts	989d8ff33e43dbeb3d08d8f659a3269d22fb573a86d48c72da58ab84e484e532
./.opencode/node_modules/zod/src/v3/tests/bigint.test.ts	799b38ffff2d2a977493846e127d6f76e5cdb346d8886a2d2c76616253170f45
./.opencode/node_modules/zod/src/v3/tests/branded.test.ts	d0d7213caa6b727fe72a4bd99631984c4038ecbe8f67001840b447ca4b2085b0
./.opencode/node_modules/zod/src/v3/tests/catch.test.ts	e4b1727836b5cdca66337af180a756fab2b712f61d49d17326a90c0a54080be5
./.opencode/node_modules/zod/src/v3/tests/coerce.test.ts	30dec33039db38b3c2baecbee09c74afc1d9adc68a6229a35628a1bac4539db9
./.opencode/node_modules/zod/src/v3/tests/complex.test.ts	51d676be11ddb5a0b987471c6e49b819b4f6b2aba77fa23565deb4591439cf40
./.opencode/node_modules/zod/src/v3/tests/custom.test.ts	6837c23478b39dc6304a98bbbba4a1df9b973d40f6243f0939bfbc339d96b01d
./.opencode/node_modules/zod/src/v3/tests/date.test.ts	7d352eab070ae8f4fcbc61674f6b238159699ec4b96754ec1aac0cac74091c34
./.opencode/node_modules/zod/src/v3/tests/deepmasking.test.ts	8b6cef1cdb8eb422ebb50b24e4f88742f13eaf0abf83b08a3980f2406a4b6ac6
./.opencode/node_modules/zod/src/v3/tests/default.test.ts	92067a119b984ab2750a1eba8e1a5573276aeaed95056e9e283f4a3bb54e5d5e
./.opencode/node_modules/zod/src/v3/tests/description.test.ts	f1b75327fd817bb63c3b2e3be0ff9aff7511e2a391713756d8cb26cbfd3d5aa5
./.opencode/node_modules/zod/src/v3/tests/discriminated-unions.test.ts	5bd00d9f7eeac9dd60faa03af58b5a915040f54b93ff77c4eab0d4a18f8b9e9c
./.opencode/node_modules/zod/src/v3/tests/enum.test.ts	3fcf9f740cd53f52431abda4c61a3732dde44c3a9f1033159e9c0c92fcebd09a
./.opencode/node_modules/zod/src/v3/tests/error.test.ts	1c77f7fefb917210ac238159c8116bd159158c260008bb6fd2f8a91ba9e55538
./.opencode/node_modules/zod/src/v3/tests/firstpartyschematypes.test.ts	9be5a0881151df777293172088b2039ed7e1e6f4a98a7557cdd0211f108c9b96
./.opencode/node_modules/zod/src/v3/tests/firstparty.test.ts	9906d7da8e62f7b9b7e5cd9553bea0872ad8a0b259214034108cec8a624cfc1d
./.opencode/node_modules/zod/src/v3/tests/function.test.ts	93b2a5008501e4d883c838e567a6d3da18f88f31fb71a7ba5615664572f89783
./.opencode/node_modules/zod/src/v3/tests/generics.test.ts	d1a4c54239acff333f76231084c48133257fefe14f504d0cab055979b5a9e723
./.opencode/node_modules/zod/src/v3/tests/instanceof.test.ts	b11897351fcf312dee317408b7aa27929ba37538c468588429f4f4ae3c5fa4ce
./.opencode/node_modules/zod/src/v3/tests/intersection.test.ts	c560d1fbca45e049f07eb2a382f7ee4c678164825cf5725b014312eac9412c8c
./.opencode/node_modules/zod/src/v3/tests/language-server.source.ts	aeb84d6fb14e6511a3509a0545770d869986f397ee02da640730d4ff97c6be4a
./.opencode/node_modules/zod/src/v3/tests/language-server.test.ts	c75a03c145d1b0f28c62cba881aae1db600912a1df3be99d1996a18da776c498
./.opencode/node_modules/zod/src/v3/tests/literal.test.ts	a22faed6c08e04c75d6bb0180d5e1fafc4645b15445a479f338016ee4855c362
./.opencode/node_modules/zod/src/v3/tests/map.test.ts	bb52432835e9fa70a94f444fc9e7c2d8e6ac5eb905cc3b8ae54846e52fa57360
./.opencode/node_modules/zod/src/v3/tests/masking.test.ts	557f4bc4d8f4ab29afd87f07cf70fa4de60d765fc86fbc5eb4b788f34dd825a2
./.opencode/node_modules/zod/src/v3/tests/mocker.test.ts	46f64d2995e29c5838189ed10cd1b185b44c33dbc21418364a80ac19f285362b
./.opencode/node_modules/zod/src/v3/tests/Mocker.ts	b7732bb15ed6ab38f61dd4a15f088af109b0a99eccb50cdd9f542a17bb935f5e
./.opencode/node_modules/zod/src/v3/tests/nan.test.ts	2ef6416fc58f94964cb889d28f8b7019a90365d24229d8146c845b8c7b0b8610
./.opencode/node_modules/zod/src/v3/tests/nativeEnum.test.ts	6f64363193a447f71a8aa5440461bdb5451c6c4433fb4fca785ef4798d5b52fb
./.opencode/node_modules/zod/src/v3/tests/nullable.test.ts	c51336535632e1404455bca333ccafc143191600047251a3e3e13f551693c516
./.opencode/node_modules/zod/src/v3/tests/number.test.ts	d56a65ec9bc03482c2b23eecb97c5213b564b5aaafeaf205d2a1f54a2c91e1d8
./.opencode/node_modules/zod/src/v3/tests/object-augmentation.test.ts	69777e89506b2d8157c98e176dde94a7c664db7228485c52a18154ac4b794382
./.opencode/node_modules/zod/src/v3/tests/object-in-es5-env.test.ts	687d2c52ddaaca24ab3d3e301cba042a7560888570af23b50a0597d3012d500c
./.opencode/node_modules/zod/src/v3/tests/object.test.ts	489ba37da9b2117c730aaa847099c7899ba0a376cf612495f41c42c29808fb45
./.opencode/node_modules/zod/src/v3/tests/optional.test.ts	0edb7a6478e931bf256f3d71d1367d2b8199b4082101dba97cc306e4dc3c92c9
./.opencode/node_modules/zod/src/v3/tests/parser.test.ts	7c8b720c921618f6c89eb08eae80ba45602fa04dafe9c7b9b861512954d70f9b
./.opencode/node_modules/zod/src/v3/tests/parseUtil.test.ts	822a6d836b05ab38eadf26592420eba6be694dc7c1d654388efbb601af00c288
./.opencode/node_modules/zod/src/v3/tests/partials.test.ts	2fe9fe6cdfa085eed053894acdd3ef32c5425f7da0aa81ea1043c737fcd7cf41
./.opencode/node_modules/zod/src/v3/tests/pickomit.test.ts	cd05293952b5fb0ca26eeb9ba6cd69a26f58fa5c62eb35f9ce1eb1ac9e00ccd6
./.opencode/node_modules/zod/src/v3/tests/pipeline.test.ts	b285aac721b744da8c5a0a093c9ed57244643e1e333df576922e67bfaa9e16ab
./.opencode/node_modules/zod/src/v3/tests/preprocess.test.ts	7433e95a0504f7a250b7beaac30a5e8f500c315d99b3badb978a0b28ed7a61dd
./.opencode/node_modules/zod/src/v3/tests/primitive.test.ts	d0214e93de931a8e6b89b3cb89df1cbf7299d6be00abcdde71ffdcb811953dea
./.opencode/node_modules/zod/src/v3/tests/promise.test.ts	c03c19525c56cea7808d982bd23ba89b5a48db13934e8d4824e13ee0a249d19b
./.opencode/node_modules/zod/src/v3/tests/readonly.test.ts	dc0ffe451674c8938b67bdcb63deff7958dd1f0e5ec69a485bba470c978817c1
./.opencode/node_modules/zod/src/v3/tests/record.test.ts	ebefc7ad59b2246787408efe7aaf2f7beec0b5c90c70e79990dcbf241c2d6c95
./.opencode/node_modules/zod/src/v3/tests/recursive.test.ts	9ccc037ef698ceeb4e6986e02aaee71ff318c4dc0f875b9253bff6ba14db9137
./.opencode/node_modules/zod/src/v3/tests/refine.test.ts	2f3a329952b6f0109028a142225d719b05307a18f7395297711f725b599933f8
./.opencode/node_modules/zod/src/v3/tests/safeparse.test.ts	5aa7597109dea6647d0ab022a4aab694c44acfeae53386ea6366b806fbd3e872
./.opencode/node_modules/zod/src/v3/tests/set.test.ts	eeadd9dabd30b857c5de8526503cb1e5c8b6aa45a99c4708958ca1f822bb3da2
./.opencode/node_modules/zod/src/v3/tests/standard-schema.test.ts	f74076e43f44c887b3bf7d26d5ec686b8070359e63fe373e6c45b6c7708c025c
./.opencode/node_modules/zod/src/v3/tests/string.test.ts	19ac9a6b0a7c610038d93dd9f97d453ad3a54bd5e1b1dab99e25d544872d93cd
./.opencode/node_modules/zod/src/v3/tests/transformer.test.ts	e3da81596e0077326f442153a741c9ba25669b8b5eb025a8ea7fc1eb0106faf7
./.opencode/node_modules/zod/src/v3/tests/tuple.test.ts	e8a48c8791387c94076c7eee8c9b7e18712a45356c7167f7c43bedd54544614f
./.opencode/node_modules/zod/src/v3/tests/unions.test.ts	0c32f20d663b30438bb8ff834b7f066722160720a25a90e6513a66b9baa4604d
./.opencode/node_modules/zod/src/v3/tests/validations.test.ts	10ae103a7c7d9e5ce8bdacf9ef30bc44a52cdadf64fe365f492d27dcb432b482
./.opencode/node_modules/zod/src/v3/tests/void.test.ts	6bdad3b7ba624eb3bd03c0bfea611de46c10aba62d03df9bd2ba49bafedc15cb
./.opencode/node_modules/zod/src/v3/types.ts	1cfe15702dbccfc592bb46679bb6979c6b1b44b9790114a01447436849f0900d
./.opencode/node_modules/zod/src/v3/ZodError.ts	e4386fe8f2a49d774c7e1aff4c015c125ac4a0dcf70d5aa6883f167278ca141f
./.opencode/node_modules/zod/src/v4/classic/checks.ts	925c0df406a04a1d0441c0e51f5c08dd1f7534a1919ebd525a7dc271aafb20a6
./.opencode/node_modules/zod/src/v4/classic/coerce.ts	9cf6429965d7d55dc4e50999af50cbad5b57b5f3372bba13038133aba62ba600
./.opencode/node_modules/zod/src/v4/classic/compat.ts	1333987ab926fb40f4708758fc674c50be1f05540b62fd1de5cb8ccda574e532
./.opencode/node_modules/zod/src/v4/classic/errors.ts	840c80756be1f61952e0a65234029e31fb3aae32e3eca4a68ea969f809a81159
./.opencode/node_modules/zod/src/v4/classic/external.ts	58af150e9fb50909d26d4f795743ab20f8807ea5098ee59145d52ccc3b4aa3bf
./.opencode/node_modules/zod/src/v4/classic/index.ts	8f199f0404574864bd10cac8311858f39d50d418609a0ef089dfd444d4977840
./.opencode/node_modules/zod/src/v4/classic/iso.ts	e3215f0650c1256d63299dec334fbbcb0b92517286618f1c24223b5294fd5fb4
./.opencode/node_modules/zod/src/v4/classic/parse.ts	07b4d6d890ca610989b15429a0c551d6ecc0dcae8e2d6f96933b678e389d1422
./.opencode/node_modules/zod/src/v4/classic/schemas.ts	a2b12003d2afaf67832200bd3adbbfa567fcbd7eec0ed7356b487a1b2cae6f62
./.opencode/node_modules/zod/src/v4/classic/tests/anyunknown.test.ts	c5fbbcc05862414d2bf8d8c33e90b15f07d2542e56408e668bc4ab8dcdae5758
./.opencode/node_modules/zod/src/v4/classic/tests/array.test.ts	a73d624a81a7308e901b2584c491eb40dcb05f04c2acd96fb90f96bff5547058
./.opencode/node_modules/zod/src/v4/classic/tests/assignability.test.ts	40dfb44f27f5ca10cd854d050e203a228ef616424eda3ade56e0a1e70bb34c92
./.opencode/node_modules/zod/src/v4/classic/tests/async-parsing.test.ts	5854e0b2712dea24b27f8d0b5dad384e06eaa785539e1388df941fb4fe6ff80b
./.opencode/node_modules/zod/src/v4/classic/tests/async-refinements.test.ts	ac573cf82efdba4cf92c86ac959f63177c4622338609848869f778c0d125cdb2
./.opencode/node_modules/zod/src/v4/classic/tests/base.test.ts	0401d2c75ed792b13bf811fc77801c485b89671460a4d52439cf1908fe94f2b7
./.opencode/node_modules/zod/src/v4/classic/tests/bigint.test.ts	85cbf87b9df6b154ad7d3f5df030b38fb2c2761dcbc2d4a2ddc7ba06de95433d
./.opencode/node_modules/zod/src/v4/classic/tests/brand.test.ts	bceffeda14e55a4c6f6d4f2e30fe9a1d8d1199d50bae767c0ac0c4d4aeb41414
./.opencode/node_modules/zod/src/v4/classic/tests/catch.test.ts	de6705d2346629d186396674c7e773b8c8193208337972b2d6cb99be064fbab1
./.opencode/node_modules/zod/src/v4/classic/tests/coalesce.test.ts	e03d0cc88ac34605b99061da2e0ce22a7e7fbca0467819096994bcf63bb5b8f9
./.opencode/node_modules/zod/src/v4/classic/tests/codec-examples.test.ts	3498ad27ece4f8d97a9588728a909d6fee046b7ef8d6d9f442ce702193f0d789
./.opencode/node_modules/zod/src/v4/classic/tests/codec.test.ts	7e21189d8f75aa63d8a164945b9ed7fa06d621a8b5c13c323b32039eb30b46d2
./.opencode/node_modules/zod/src/v4/classic/tests/coerce.test.ts	b1c494141f3120e5f4253c2bbe1131468d32281e8a9513f27fb40fee3142b55a
./.opencode/node_modules/zod/src/v4/classic/tests/continuability.test.ts	634af853f6509497f8d441045039fd1b6f43fcece4be813ec56c3f25134b53d0
./.opencode/node_modules/zod/src/v4/classic/tests/custom.test.ts	130ec42a9e192f5b4f43a890303921cb0ec7f1e878a4f0d6a1aacfe863ff1b91
./.opencode/node_modules/zod/src/v4/classic/tests/date.test.ts	e578d7bea1019b22cbc675788e5cc7123f9c3fc2ed90e8a8cb222ddb0cdb8b76
./.opencode/node_modules/zod/src/v4/classic/tests/datetime.test.ts	b511934d118fa8dc605900ab770a4f71fededd603f57a83540993e31b40c4fdc
./.opencode/node_modules/zod/src/v4/classic/tests/default.test.ts	e6cdf299ffff3de4ddc745c018065484ff01575033c130fdc671f6e84879c94e
./.opencode/node_modules/zod/src/v4/classic/tests/description.test.ts	c7f59501ffad7792ae76c178e6098de70c3da062280dc788f3354187335cfd8f
./.opencode/node_modules/zod/src/v4/classic/tests/discriminated-unions.test.ts	8098b485b5f6279a609d21aaf51fb2f56177c84577bd903b028f0e5e5a6c9dea
./.opencode/node_modules/zod/src/v4/classic/tests/enum.test.ts	2a76a8b5c6116fb06a249284afaf3aba4512a790264f86871857a0b5f6af7650
./.opencode/node_modules/zod/src/v4/classic/tests/error.test.ts	f38b436b7cba83cb35993e05fc7feeb7e8e1dc6695dd069936e232412f6fce5a
./.opencode/node_modules/zod/src/v4/classic/tests/error-utils.test.ts	61f208ad1009e950137ad8da3ebc8ab78a44d2a23fafea788c0bd4247bf7de86
./.opencode/node_modules/zod/src/v4/classic/tests/file.test.ts	3c6d15d9c9230a1047e2036aa7c56ee9bed22d8b91dccab6c7afeec42fe978e9
./.opencode/node_modules/zod/src/v4/classic/tests/firstparty.test.ts	60e754acdfeb6bac8dc94fe59f15df0b0a94e9fbead52d230f27ea687aa85cc9
./.opencode/node_modules/zod/src/v4/classic/tests/function.test.ts	d052609b0510d42fc956e427a797fbd42cedfc7f2b9f401a200f5c9dc46428bf
./.opencode/node_modules/zod/src/v4/classic/tests/generics.test.ts	e4dc0d13796ff0d0ef8b5286dd168afec62ddeef66fae429cc9860b2bbd8f80b
./.opencode/node_modules/zod/src/v4/classic/tests/hash.test.ts	14633fa651f6bbdd23ef23a8ce4c4520c3981f7462980f8b8cef8ee5fdc85ef5
./.opencode/node_modules/zod/src/v4/classic/tests/index.test.ts	ba5dfbd8b70a5fd894b239ffe1e9beecb7d5603641ff7b375dce062b3f626229
./.opencode/node_modules/zod/src/v4/classic/tests/instanceof.test.ts	483a97ca348233bcf363859b2354dd6f1974d131091cc6b1953f8ae974b27503
./.opencode/node_modules/zod/src/v4/classic/tests/intersection.test.ts	f443b615937d929a381a7a8b1b0ec17f63f1514e8a5d8059d63e4ad4d52c1334
./.opencode/node_modules/zod/src/v4/classic/tests/json.test.ts	ee8aeddf8696bb9dc97d360217b4140ed9434ec6c6e8598ccda18094c6981c2d
./.opencode/node_modules/zod/src/v4/classic/tests/lazy.test.ts	4c3c1ac8620955f7f19713771ef48d8401fa0deecd0e1dfda205fecf89f8c8cc
./.opencode/node_modules/zod/src/v4/classic/tests/literal.test.ts	a861896be65d22ddcc0cb10bfcb3bc8bd8ed0397406617d0cb1f76f69768def6
./.opencode/node_modules/zod/src/v4/classic/tests/map.test.ts	2847a83a1ab7c56e6bc75f16589ebc732eac91a4b9a4ed95b347669a47b116af
./.opencode/node_modules/zod/src/v4/classic/tests/nan.test.ts	2ff494cc0c8c785f29b0b4c2eff2e93b3f829b518266d78a05ee40fea9ffc11a
./.opencode/node_modules/zod/src/v4/classic/tests/nested-refine.test.ts	8e3f3492563a93adaded8b352e03a087f1c5c2f6a5fbc853ca4e2706ea006799
./.opencode/node_modules/zod/src/v4/classic/tests/nonoptional.test.ts	f14e374f6e33d7ada15398cde5248cb66f3c946c9734382f467c3c7ea4f5fc44
./.opencode/node_modules/zod/src/v4/classic/tests/nullable.test.ts	a749dc3a8ca78ac05c94abd82958c692b492e4ed6d93c6c05ad1b9a769067850
./.opencode/node_modules/zod/src/v4/classic/tests/number.test.ts	08680e3f8f46c1438b6305fa3fdde01ab779c8082b53187e1578bfd717ea3460
./.opencode/node_modules/zod/src/v4/classic/tests/object.test.ts	fe0edca4f092f0b478f4e9ea307d3f2ab6c996465d4395627320043c99694fe6
./.opencode/node_modules/zod/src/v4/classic/tests/optional.test.ts	61addfd84555a58342a1073ac090ca8f0b8d8fbdfa8a0c7bc9b7f852fc23ddb7
./.opencode/node_modules/zod/src/v4/classic/tests/partial.test.ts	1ddc98d1b019d447895db51ec71c3caa8afbafa1bf252c7982225e2aa2bb6fde
./.opencode/node_modules/zod/src/v4/classic/tests/pickomit.test.ts	fd55dd310c6197a27fdd486dfbb94649079b422a2951188c4b4ea784a693a1db
./.opencode/node_modules/zod/src/v4/classic/tests/pipe.test.ts	9383a52f0f85e97ff34e7bd485bedf2c1a5ef3ffd37ace47001de7b885b7adfd
./.opencode/node_modules/zod/src/v4/classic/tests/prefault.test.ts	1943868cdc707eef785d48dd9d73ff10f764beed2b706ac73a0aed85a428b740
./.opencode/node_modules/zod/src/v4/classic/tests/preprocess.test.ts	04f3f845eda2e0f36a35c5caa871e7e1169b733bbe20ec04a09b2b374a254357
./.opencode/node_modules/zod/src/v4/classic/tests/primitive.test.ts	b5a2f74d03039eff1d20229ab35594d1e9a808dc50b943e802724525338f9f1f
./.opencode/node_modules/zod/src/v4/classic/tests/promise.test.ts	b7d58a54d480429314f23cd52c2a78baefaa5c1e87f4bfd0b13a9e30d586c754
./.opencode/node_modules/zod/src/v4/classic/tests/prototypes.test.ts	c6e493d089995c8aecc728b99bd2dbcb6f56137be4537c3e2fd657838c582ebc
./.opencode/node_modules/zod/src/v4/classic/tests/readonly.test.ts	c2ddd379f4e85caa2856ba0b784c44be87c079cef18ba4108ba698fa9fecb611
./.opencode/node_modules/zod/src/v4/classic/tests/record.test.ts	25b6ce62b9a6736d821ea62e07106aaa73a42de7f8824ffc97463e5095a110be
./.opencode/node_modules/zod/src/v4/classic/tests/recursive-types.test.ts	d2d4570462ad84cf6b3fb17d99ad4d4c242b4e5d078c1775b530b8f721ba9407
./.opencode/node_modules/zod/src/v4/classic/tests/refine.test.ts	df89ea9a88dd60b38001b3a31b643f99d207f39a6d225e6bc107d6c44d4682d0
./.opencode/node_modules/zod/src/v4/classic/tests/registries.test.ts	4325f184075634098ec061b2b6070bc7b27c55301191a444d41662e029ce6e33
./.opencode/node_modules/zod/src/v4/classic/tests/set.test.ts	4e3d1d08df1bcd2e659a2f6de0f12f816e756ac9ec98b253cdb931ffe8ecc951
./.opencode/node_modules/zod/src/v4/classic/tests/standard-schema.test.ts	af5fef06f1d9f695d39842ae98c29555f05c432d2fe5abd361a20c748de39c7c
./.opencode/node_modules/zod/src/v4/classic/tests/stringbool.test.ts	6a5f06aa81c442476c2c656607ec580707afbb08df67eb813ce7dd0f20c42fdd
./.opencode/node_modules/zod/src/v4/classic/tests/string-formats.test.ts	d6b61815603bbfc8a7acaeac23d88773195c45991c7b85dffc85e23f24b37640
./.opencode/node_modules/zod/src/v4/classic/tests/string.test.ts	bf41f94cf272b01900fd4cc0086aa6bc276c181ab430c45010c74ce0a7c665e8
./.opencode/node_modules/zod/src/v4/classic/tests/template-literal.test.ts	9662e3535763a01abef78e5775aa82559b4286b0cdf1aa71ecc3e3123358def5
./.opencode/node_modules/zod/src/v4/classic/tests/to-json-schema.test.ts	f5c70e5db4f70be9b2fb7a24f54a329b20123fa61d54cdf120e1dc8d0d7af879
./.opencode/node_modules/zod/src/v4/classic/tests/transform.test.ts	250d1faea61566e13c1067b3c2fe900af97219c19cfc4a530d48a3047d40f048
./.opencode/node_modules/zod/src/v4/classic/tests/tuple.test.ts	96d3aa6cfec7dfd9febdee31b1aca837c0a79c378678b9e833fa5479cff9fbfc
./.opencode/node_modules/zod/src/v4/classic/tests/union.test.ts	f286b4b36f5097f2b127e632400b2627b714e4b4a82872adbe0e47198866dc39
./.opencode/node_modules/zod/src/v4/classic/tests/validations.test.ts	b2dd61b3b20b082cee04ef5d988cb4852909f9f0e71bbaf2a91f1a681bc674be
./.opencode/node_modules/zod/src/v4/classic/tests/void.test.ts	a1e5ff5f759a09e192764d4f153443bc5735cf8b6db6d810e21f0dddb414e805
./.opencode/node_modules/zod/src/v4/core/api.ts	6fb05b277c361f635d0aa0c368b12ac8873d497a62d31c9b83b8e64c38a2b3e3
./.opencode/node_modules/zod/src/v4/core/checks.ts	8159fb8da563bdaff4691d7e335c4512644b8fe83eb5d52c1b120357eeb18202
./.opencode/node_modules/zod/src/v4/core/config.ts	3c3ec0c03ee7387685f7a5e0155d9d55f251ffe4cfb5f4447bcbd380aed3d847
./.opencode/node_modules/zod/src/v4/core/core.ts	ab5c675bf8aae560c8f98f20060bae665969ebac1206470b787015897913795b
./.opencode/node_modules/zod/src/v4/core/doc.ts	496e63b612809bf031a1964bb2e74c1af4c1a4ba1f8e5cd6f164818ea135205a
./.opencode/node_modules/zod/src/v4/core/errors.ts	e31623519621b96a48f3b77c9ee06ed03a56ebe9e3084ec355028ab000d2c2f8
./.opencode/node_modules/zod/src/v4/core/index.ts	494aaa47240956231f7de5184f7f0828eaa15ba5c5f59fbda42da7b1348258ce
./.opencode/node_modules/zod/src/v4/core/json-schema.ts	42b03730793dc873cce370997da2b1347b00d27effab1793173d7fe7bf422f0c
./.opencode/node_modules/zod/src/v4/core/parse.ts	d57d675f81cc59fb20fbc25305f38379af0600bdfe2779343cc2b4dfc5bc97bf
./.opencode/node_modules/zod/src/v4/core/regexes.ts	2d2760dcf3fe783459076b0d4abfbc339e6950d49a5546f8a48238424e499f6f
./.opencode/node_modules/zod/src/v4/core/registries.ts	6b4495ef30e97ed0d2a596627db079c529778230b30a2349d60211fd7d1b0a62
./.opencode/node_modules/zod/src/v4/core/schemas.ts	a2622476b8e40f9437a30b3c43060292a8288134b68ef229aa6197ef5f37fa93
./.opencode/node_modules/zod/src/v4/core/standard-schema.ts	a735603c641e08e97ac18157e4a427334ed7026ecc49ddb8abd8e3fc8d841294
./.opencode/node_modules/zod/src/v4/core/tests/extend.test.ts	e4705c146e848c2d9a3b4051136e6c38a1b176ce2e223e474de29e227f4fc078
./.opencode/node_modules/zod/src/v4/core/tests/index.test.ts	f9a514f603c4350f532d14c5a3fd4748935c4ffb1ab90fa8e8df8671163a7524
./.opencode/node_modules/zod/src/v4/core/tests/locales/be.test.ts	d6c1dbf1710130c39d58aa149c5f33cea1e445f05fda5fff6c6e6393358d699d
./.opencode/node_modules/zod/src/v4/core/tests/locales/en.test.ts	5bb1540b21984c313c14c4b6e91e14c8b4ec40dd42d0f30bdf24c04543971a29
./.opencode/node_modules/zod/src/v4/core/tests/locales/es.test.ts	08d570db1dd2cd1ddd16ecef4c6d9d7e3e293937e255ef6cb960fbabb5ba4a02
./.opencode/node_modules/zod/src/v4/core/tests/locales/ru.test.ts	1944b0643c6ef9e194e5256515363d9f475eacb7339ff1745a7629ca38109dd8
./.opencode/node_modules/zod/src/v4/core/tests/locales/tr.test.ts	ac6abcbff8137f499ab657115612c32ceb9b0c12903e27f988e8a97d208d2652
./.opencode/node_modules/zod/src/v4/core/to-json-schema.ts	207d5dd7d8d3f7a95ba12ce19b1a796e05fb1469e62e03e0163d84378a6d1829
./.opencode/node_modules/zod/src/v4/core/util.ts	964d81422e18b3e2645eb4377a24d68a648c938edfc55193efc70b36a35ad437
./.opencode/node_modules/zod/src/v4/core/versions.ts	10019f749ef18db03e5e02505ecf581180a183f9838d2571de6d051805906661
./.opencode/node_modules/zod/src/v4/core/zsf.ts	975e61b52c8de9fad0a0086952b9ee8a1abbacfa4489659529c53e80dd78094e
./.opencode/node_modules/zod/src/v4/index.ts	9f0dfd9a085d4ec23e8a073406300e4bffeb0fd3540b1f395c44b566f27d4d49
./.opencode/node_modules/zod/src/v4/locales/ar.ts	94cc038af03f0b0c8b264c1c55f107c93aa4b17c8c39759cac69c69ed5d9663a
./.opencode/node_modules/zod/src/v4/locales/az.ts	3d2f271c94a005a23cc831ed1a3a39167832f950048f6845bb5aab510e6b1188
./.opencode/node_modules/zod/src/v4/locales/be.ts	58396251205234d11850d154228b5cdbf96f7887f48b19d59ebc59a7c48adee7
./.opencode/node_modules/zod/src/v4/locales/bg.ts	480c87b4f81eacca8777c572611425944ebd705401ea922e0e3ee97640783514
./.opencode/node_modules/zod/src/v4/locales/ca.ts	d76dc77da7f7d89c3625ed821e333474f964fbfb69ab256007491d483a7fd11c
./.opencode/node_modules/zod/src/v4/locales/cs.ts	cef69a633387974e6703cc4eca16c242f889fa3754bc559d9277b705e627a1c9
./.opencode/node_modules/zod/src/v4/locales/da.ts	c76ab429619634c96263dbad70aca205e1cb9708f4e5bbe1159d69f7680c3026
./.opencode/node_modules/zod/src/v4/locales/de.ts	5abfa7d3751f211b66b833c8183c9614e371f9c987fa7baa60857135fec14d64
./.opencode/node_modules/zod/src/v4/locales/en.ts	f6e748ebd8de82a83281883a4180536070c96c2db4a159f23987b0e4a026c69d
./.opencode/node_modules/zod/src/v4/locales/eo.ts	3c0a3c8f8be4c6aa1ad0f792d6b420c29aa7c4ca92dd4832078d0b25538505f5
./.opencode/node_modules/zod/src/v4/locales/es.ts	e0e85ea85b55e3723a19337d98b33b9eb4d7ab5f1e803b27c1a0ff4b6c6a47fb
./.opencode/node_modules/zod/src/v4/locales/fa.ts	60b1d48339a83add0c5ab7b342072ee5112f868c7e0e66714aa7d2e6da005d13
./.opencode/node_modules/zod/src/v4/locales/fi.ts	2fe0d68b72a538a5bccffdf8ea27479e7321d26f0555e29cf827d33663c8e05f
./.opencode/node_modules/zod/src/v4/locales/fr-CA.ts	c5ad7b6f17961f82dd13cd046532d0c7b668f7e464132b2f1a9e7d5b531e37e9
./.opencode/node_modules/zod/src/v4/locales/fr.ts	da7a384cdf216c57feb3bbc3aef63a43b489a55353602888596b9f8b6e4027d7
./.opencode/node_modules/zod/src/v4/locales/he.ts	50e7e62b9079e19baeff8890eb60757eaef186527d464baaf93ebb6bb3c2a048
./.opencode/node_modules/zod/src/v4/locales/hu.ts	825c84d6fe0d5d1d410609df4efa20db893dd4c22eb93f2aa075f599fdec375b
./.opencode/node_modules/zod/src/v4/locales/id.ts	8f61c1779a45459f0606edc8e5e85eba0bc79de96b9ae6d3af9753d77fab5027
./.opencode/node_modules/zod/src/v4/locales/index.ts	26965e789e579cd10968fb6ca81caa2ae50c16608185b16dbe84eb00a652b0cf
./.opencode/node_modules/zod/src/v4/locales/is.ts	59d68dc8bb4c4655c301b0d875f27d0c9f9a8af72b8acb85463b6205de0b1cc1
./.opencode/node_modules/zod/src/v4/locales/it.ts	28f0f40702fd7d91461ccbb466d1d1ab3fdc3a702707e1ed356ff5e51453345d
./.opencode/node_modules/zod/src/v4/locales/ja.ts	87383f9f7101075eb087968f0d12084cdecf23a8e4af0b91ebf78ad8b788effb
./.opencode/node_modules/zod/src/v4/locales/ka.ts	cfe200ef72f4a56b05a6554d1af37d9bd00fe4c3413b0fd3a5cf97ed8a35a9c5
./.opencode/node_modules/zod/src/v4/locales/kh.ts	b55c1375cf0fbb40248ccc5d940074ef1448d38902ef0c8017d7ebda43649efb
./.opencode/node_modules/zod/src/v4/locales/km.ts	f68820276449ef124e35fa38a1b1d784dc5b4411bf9ee7127ffdaae3393882d8
./.opencode/node_modules/zod/src/v4/locales/ko.ts	ca90a3c670657d1f59253534bbc5ca56b73549d9a500229c605f269650802361
./.opencode/node_modules/zod/src/v4/locales/lt.ts	c8008b07f65ee7d3edfc61521dea423e1c4f746ef21e607cea0a3e8f4c6c40bd
./.opencode/node_modules/zod/src/v4/locales/mk.ts	536ccf5033c0153b424cafff555b7d4c6044b3bcc6ec73d65bca27c871d5be6b
./.opencode/node_modules/zod/src/v4/locales/ms.ts	689764fc38f037e660712af64ad285855c545762009cb7a8ad880ec6dfdf99df
./.opencode/node_modules/zod/src/v4/locales/nl.ts	cd4bf4207ff3a00fecb01b8d3cf56fa704d240b13f57527a5089f585aa657dc2
./.opencode/node_modules/zod/src/v4/locales/no.ts	09548cb18fceb85bb5d76cd618b8a822db9d170290bd51bc39806620a39ecf88
./.opencode/node_modules/zod/src/v4/locales/ota.ts	24bf7362b0b056f4fda7638b473401ecf218d3741f5face257735194a5328dee
./.opencode/node_modules/zod/src/v4/locales/pl.ts	09fe366cf11786b78a03c87c2224bac3358e629c944a232bbc32dc503ed19c47
./.opencode/node_modules/zod/src/v4/locales/ps.ts	a9c963e2339118f0c19b77e0743a8cf910c6edef62f189fb0a3643e336c2ffec
./.opencode/node_modules/zod/src/v4/locales/pt.ts	42f35b9c59c2bba49922ad3ada63b0408fe8de9b88807d6858af890ec255b622
./.opencode/node_modules/zod/src/v4/locales/ru.ts	99fff5403ea8c01263675e99ba7b80249fe3aa00dac829d1a20f8e26331268ac
./.opencode/node_modules/zod/src/v4/locales/sl.ts	a381cd500472dae38b617c0b32a4617b89ad9475218fd87bff0192f528ae787f
./.opencode/node_modules/zod/src/v4/locales/sv.ts	67aee549129f6f460bd500278347e13c96322a35f0c12c76aa3632cc3dbe724d
./.opencode/node_modules/zod/src/v4/locales/ta.ts	db63f8cc63fb88be90e822a0803e9c4b03bf96935182eb1c86229b4cc9300221
./.opencode/node_modules/zod/src/v4/locales/th.ts	b1c1e68c1b1d81fe26ba945b6cbec2dc2c4138c94b243b6827dd6a156ac7181e
./.opencode/node_modules/zod/src/v4/locales/tr.ts	57bfe52d1d8554cce8a2df4953cffea1fd69e59cd539fc0f8b54210abd1288ad
./.opencode/node_modules/zod/src/v4/locales/ua.ts	46a90664b22f2b079c7ee1d36c957df8b39442717c3df68c8bbb6a0df20eadce
./.opencode/node_modules/zod/src/v4/locales/uk.ts	db64683bb605b98c1a75e64dce0debf3717d1c44d8d196091975d7cf0c348e4a
./.opencode/node_modules/zod/src/v4/locales/ur.ts	1a1f050550cfcefb762ca6d9f2c0f46550613a5ec4ec835c5786f40c8ae8daf9
./.opencode/node_modules/zod/src/v4/locales/vi.ts	c417610d93565c91c8e730fb510d56baa8024d6757f21be03c54ad31d662f5e0
./.opencode/node_modules/zod/src/v4/locales/yo.ts	e8ce5e170c20aff2bb4e02a0708f68be021c1a3a4cbf4f41597e801c97b55f02
./.opencode/node_modules/zod/src/v4/locales/zh-CN.ts	a3d8b1bc3758099a6385f175f312f28505d15178d65557fd49db8bd686069cc0
./.opencode/node_modules/zod/src/v4/locales/zh-TW.ts	28b342ec5c1e2de8d2525893f4ee81407635fc500fa6560a74209513730eb8ae
./.opencode/node_modules/zod/src/v4/mini/checks.ts	c4f16c0e97aa6f0385c0bd147a0438f522343797d72f4cf0cb466213e0b74635
./.opencode/node_modules/zod/src/v4/mini/coerce.ts	e80b80452e5c3a248d3deb1044f14d9810d2e86642f943c10999f47116f226fc
./.opencode/node_modules/zod/src/v4/mini/external.ts	5ead78dfebae73aa37f3a9e4778f5558582e7caa442bbebe22587dcb00ff0da2
./.opencode/node_modules/zod/src/v4-mini/index.ts	cf94ca2939d655e17fdfd1d0a3aceb4cbeb040d8946e9c9c1eaa5cc734dc69c8
./.opencode/node_modules/zod/src/v4/mini/index.ts	455d93e660b61feec18cd4c31e2f394627546ae8ab31f9bacdab6318112ac31c
./.opencode/node_modules/zod/src/v4/mini/iso.ts	2d1a5e84a00aca5c3f1b2cebeb1b9a12ccfb7b38c15c96219571a20d72e39a03
./.opencode/node_modules/zod/src/v4/mini/parse.ts	f56f7674e03f0ff117dc804c6cb50361d9dc6ad33a12277009ec753ff99ccf0e
./.opencode/node_modules/zod/src/v4/mini/schemas.ts	3927bad5c4ac8c77fced35055da583975ad8e8dcdfe8baf75b4550f381bfe553
./.opencode/node_modules/zod/src/v4/mini/tests/assignability.test.ts	bf52ca9e89d34717a46dce06d03f2000027009ceaa0798dfa3bf8e47b5d537f6
./.opencode/node_modules/zod/src/v4/mini/tests/brand.test.ts	72b40e92c5ad4442024edd3681afbdf986476efff01929efb427b82c5b124710
./.opencode/node_modules/zod/src/v4/mini/tests/checks.test.ts	14c8c7c6fba2bc5a06a5f7fbfdf7774bf7a7135c233b47887cb306e5b7f71aa3
./.opencode/node_modules/zod/src/v4/mini/tests/codec.test.ts	e9d0836fc48f37a1e476b8a642140d57faecc0a885aefd4828c2ff6324750eec
./.opencode/node_modules/zod/src/v4/mini/tests/computed.test.ts	675fc1a036b656b796959fd8f90d6d3d5655c3f6788769e798f56447fba02d58
./.opencode/node_modules/zod/src/v4/mini/tests/error.test.ts	72d8e9e476dc934d09d5311fff1823b7f74f169ce30b696cf6870e6b514b1cf4
./.opencode/node_modules/zod/src/v4/mini/tests/functions.test.ts	438082fe06c6a89aa9f14ca53acd015be69205fb9aa26e8bb12d6494ee14005e
./.opencode/node_modules/zod/src/v4/mini/tests/index.test.ts	7ac070d07667b540db4ff4d87cd0c65574afa16df1e46ac459e720ae1cc08928
./.opencode/node_modules/zod/src/v4/mini/tests/number.test.ts	5e546f7b16d97b2a30fea914a900fa48d0de173ee58eb8a3bde04e1783e7c7e5
./.opencode/node_modules/zod/src/v4/mini/tests/object.test.ts	8806c1f526663a5a17d2c719dec7779b8070c9f7e8993d5787a303c862a61b21
./.opencode/node_modules/zod/src/v4/mini/tests/prototypes.test.ts	53d57aa1c4401cbe1958be7521b65c72ff55cf4993b1ae57543f4138f2c1e2e1
./.opencode/node_modules/zod/src/v4/mini/tests/recursive-types.test.ts	3797e364c9c68f42efca56dd1bb70209c70f1d16c3628d23ac302b2667d1e65c
./.opencode/node_modules/zod/src/v4/mini/tests/string.test.ts	38d0b96715d3d7472b8defb4e4e9ae2171b96a26f287f810eb30b52853c8db2b
./.opencode/node_modules/zod/v3/errors.d.ts	8e71e53b02c152a38af6aec45e288cc65bede077b92b9b43b3cb54a37978bb33
./.opencode/node_modules/zod/v3/errors.js	d40831f478288d76e82bbbcc3b7e95c8513b6e76471f2d49a37c979bc57d492d
./.opencode/node_modules/zod/v3/external.d.ts	5d26d2e47e2352def36f89a3e8bf8581da22b7f857e07ef3114cd52cf4813445
./.opencode/node_modules/zod/v3/external.js	5d26d2e47e2352def36f89a3e8bf8581da22b7f857e07ef3114cd52cf4813445
./.opencode/node_modules/zod/v3/helpers/enumUtil.d.ts	f672c876c1a04a223cf2023b3d91e8a52bb1544c576b81bf64a8fec82be9969c
./.opencode/node_modules/zod/v3/helpers/enumUtil.js	8e609bb71c20b858c77f0e9f90bb1319db8477b13f9f965f1a1e18524bf50881
./.opencode/node_modules/zod/v3/helpers/errorUtil.d.ts	e4b03ddcf8563b1c0aee782a185286ed85a255ce8a30df8453aade2188bbc904
./.opencode/node_modules/zod/v3/helpers/errorUtil.js	68589c0cf44c8b4ad19b77418f53caad2cd1dbc8d714f526e1876ebdee4828c5
./.opencode/node_modules/zod/v3/helpers/parseUtil.d.ts	754a9396b14ca3a4241591afb4edc644b293ccc8a3397f49be4dfd520c08acb3
./.opencode/node_modules/zod/v3/helpers/parseUtil.js	b57484013bb360bac2e334d58fcd5f6cbfa63ffcc7d8ff3dbbb3380ca659b956
./.opencode/node_modules/zod/v3/helpers/partialUtil.d.ts	de2316e90fc6d379d83002f04ad9698bc1e5285b4d52779778f454dd12ce9f44
./.opencode/node_modules/zod/v3/helpers/partialUtil.js	8e609bb71c20b858c77f0e9f90bb1319db8477b13f9f965f1a1e18524bf50881
./.opencode/node_modules/zod/v3/helpers/typeAliases.d.ts	d3cfde44f8089768ebb08098c96d01ca260b88bccf238d55eee93f1c620ff5a5
./.opencode/node_modules/zod/v3/helpers/typeAliases.js	8e609bb71c20b858c77f0e9f90bb1319db8477b13f9f965f1a1e18524bf50881
./.opencode/node_modules/zod/v3/helpers/util.d.ts	293eadad9dead44c6fd1db6de552663c33f215c55a1bfa2802a1bceed88ff0ec
./.opencode/node_modules/zod/v3/helpers/util.js	906ef685e5853d496e293ee8f8a2bb8b1ed2d078a1bcdfedb2dfd61d75b6330c
./.opencode/node_modules/zod/v3/index.d.ts	3db2efd285e7328d8014b54a7fce3f4861ebcdc655df40517092ed0050983617
./.opencode/node_modules/zod/v3/index.js	3db2efd285e7328d8014b54a7fce3f4861ebcdc655df40517092ed0050983617
./.opencode/node_modules/zod/v3/locales/en.d.ts	c25ce98cca43a3bfa885862044be0d59557be4ecd06989b2001a83dcf69620fd
./.opencode/node_modules/zod/v3/locales/en.js	51a6dcc5d4bd52a64da127c012c6c963395c1d9a343ad75d4a8eca662fc8b205
./.opencode/node_modules/zod/v3/package.json	5cb4c7dad36258f0c5b26d914adfebd66105dddc4af3c12d2b3173e7e5674191
./.opencode/node_modules/zod/v3/standard-schema.d.ts	25b3f581e12ede11e5739f57a86e8668fbc0124f6649506def306cad2c59d262
./.opencode/node_modules/zod/v3/standard-schema.js	8e609bb71c20b858c77f0e9f90bb1319db8477b13f9f965f1a1e18524bf50881
./.opencode/node_modules/zod/v3/types.d.ts	7941f67bd576a61bb48f46cf55c5eb0292c8ee3eb2db621815eb1d02b1aa09fb
./.opencode/node_modules/zod/v3/types.js	2faaeed1150d0d7126f6aa85b01594fabdd06771a0b7cb5df2d13f725e175ef1
./.opencode/node_modules/zod/v3/ZodError.d.ts	98ee86deadaf36f67986bae4987cfa4b7dfa135ab03706362187d5d00f6282a7
./.opencode/node_modules/zod/v3/ZodError.js	f5ac9e86b92e201d41e294d7aa35986a2aa28829e1bcc8ac25f7c8dce0674b99
./.opencode/node_modules/zod/v4/classic/checks.d.ts	3a8449ac50228a454f709360f32277f3670ec62e7aabf1e6710538dd3353b2b4
./.opencode/node_modules/zod/v4/classic/checks.js	f20eb2e1153f7b80a52d30261dc0b90ad4a5adcfccc9b150d3998afdaea7f9d3
./.opencode/node_modules/zod/v4/classic/coerce.d.ts	1f4a8bb5e841d3a1510d12a84640ee327f5a4b55484e8f16e2b285d54eb19924
./.opencode/node_modules/zod/v4/classic/coerce.js	fb2efe3b6eacc475c77cbb571b5fb8650d92a10f316dc869e49b722973d83c3c
./.opencode/node_modules/zod/v4/classic/compat.d.ts	2197ba08e54182521b3cf4fec0a875a9ff76235849875a42acd19f7e8a0c09b8
./.opencode/node_modules/zod/v4/classic/compat.js	0e948b101771cc0e7b753e54b3f5b486929d3db9bd4c09d98fe4ce86271bcf7b
./.opencode/node_modules/zod/v4/classic/errors.d.ts	03be953961283699e72d526e1bff478be5af0840094b7e37d90a15ffd1426f64
./.opencode/node_modules/zod/v4/classic/errors.js	fd807f79ded4f88928ab8205de1922901a4d3a8c9b93d072e1ab8c0a44a95df5
./.opencode/node_modules/zod/v4/classic/external.d.ts	8bae377629b666ce6e171351d3bf9cb1e041dc69409e54f84c366921384ae1cd
./.opencode/node_modules/zod/v4/classic/external.js	f4c3233385332f4fba37de6c0e38ccd8c7ba6fe315a58e9777571a5cfd852815
./.opencode/node_modules/zod/v4/classic/index.d.ts	d49030b9a324bab9bcf9f663a70298391b0f5a25328409174d86617512bf3037
./.opencode/node_modules/zod/v4/classic/index.js	d49030b9a324bab9bcf9f663a70298391b0f5a25328409174d86617512bf3037
./.opencode/node_modules/zod/v4/classic/iso.d.ts	50f3d54845c748597afd9fe6a474862ab957f61f274d5fcba6509f5e4174c988
./.opencode/node_modules/zod/v4/classic/iso.js	3cc5e6b4da086b8ffc7ee3188c69e4d3c945b368092e78d2299b5321182752c5
./.opencode/node_modules/zod/v4/classic/package.json	5cb4c7dad36258f0c5b26d914adfebd66105dddc4af3c12d2b3173e7e5674191
./.opencode/node_modules/zod/v4/classic/parse.d.ts	07831f097149800006656666f2d1ea5d8e26caf8b40a2dfe951ed941eb2650ce
./.opencode/node_modules/zod/v4/classic/parse.js	14cbcc416ab9169abc2cde97af77da54ca769684eac1e03a3753c16ea4a7cd95
./.opencode/node_modules/zod/v4/classic/schemas.d.ts	0d6d068c3e5309ebef75a4d17eaf5af0b08debc3987f2f89e29f08e61ad26a4a
./.opencode/node_modules/zod/v4/classic/schemas.js	e185cecdafd77117e8081811ef006dd0bd478ebeef3a86b458a258d27b34eafe
./.opencode/node_modules/zod/v4/core/api.d.ts	2bfc055ab5b626d39e4b3e055fadf0622ad7e958316dccc9b1a52d3f40129f4e
./.opencode/node_modules/zod/v4/core/api.js	8722c715be582089faa0b96816db906a913697e8777ec247ed11bd2eed2e9fd7
./.opencode/node_modules/zod/v4/core/checks.d.ts	3b22881e19fba860247cde1f60807cca7ce44ad78814fe5789316c3cc16208db
./.opencode/node_modules/zod/v4/core/checks.js	6d5342cbfc770541ef5f010c7ac534529012036c6482af1c3e57a1afb78c1828
./.opencode/node_modules/zod/v4/core/core.d.ts	f0ebd1c2e1708e7e7d105883430d3ee1d856560e26b346469ff584ec68859e9e
./.opencode/node_modules/zod/v4/core/core.js	a1f78ff62ae173c6a722b92b394075f3075c7f7d731bc443827aec4f30302d92
./.opencode/node_modules/zod/v4/core/doc.d.ts	add0ce7b77ba5b308492fa68f77f24d1ed1d9148534bdf05ac17c30763fc1a79
./.opencode/node_modules/zod/v4/core/doc.js	e084bbcc536746a8942fd33b08afe4db345554b3a0383114f1dca95261c958d9
./.opencode/node_modules/zod/v4/core/errors.d.ts	25dac9cd43c711463382917a7e8997d4a34871f864ba8ab0f53df85d03f90a38
./.opencode/node_modules/zod/v4/core/errors.js	66c310c429dd28309b17a5fe7310b99ae7e347fd502dc62ec628ebcc900c4e1b
./.opencode/node_modules/zod/v4/core/index.d.ts	494aaa47240956231f7de5184f7f0828eaa15ba5c5f59fbda42da7b1348258ce
./.opencode/node_modules/zod/v4/core/index.js	494aaa47240956231f7de5184f7f0828eaa15ba5c5f59fbda42da7b1348258ce
./.opencode/node_modules/zod/v4/core/json-schema.d.ts	c1a2e05eb6d7ca8d7e4a7f4c93ccf0c2857e842a64c98eaee4d85841ee9855e6
./.opencode/node_modules/zod/v4/core/json-schema.js	8e609bb71c20b858c77f0e9f90bb1319db8477b13f9f965f1a1e18524bf50881
./.opencode/node_modules/zod/v4/core/package.json	5cb4c7dad36258f0c5b26d914adfebd66105dddc4af3c12d2b3173e7e5674191
./.opencode/node_modules/zod/v4/core/parse.d.ts	7007626fc0d98e012e02caf70ae36647d7288b06c9121b51b20af592ebec3d53
./.opencode/node_modules/zod/v4/core/parse.js	a58b9c7be78e29d71f969f01807fe5f9be1f68d222a0f60c25e32e24f3b6639c
./.opencode/node_modules/zod/v4/core/regexes.d.ts	1765e61249cb44bf5064d42bfa06956455bbc74dc05f074d5727e8962592c920
./.opencode/node_modules/zod/v4/core/regexes.js	f2aee057ccd1e081bbec2d1bf9d3ae57e3df72a13e056ff1cd48829158983fad
./.opencode/node_modules/zod/v4/core/registries.d.ts	7576d06c1b52d6e3dbd8ea3c53778b5a8d8065fbff3678db495c6166a698eda3
./.opencode/node_modules/zod/v4/core/registries.js	cec90d369f7206f701fa3f540bc92855a8c9145d44e4d8642053645e73f70002
./.opencode/node_modules/zod/v4/core/schemas.d.ts	c74b22865b9e58e6756484d86cd06e58d25987fbd5c9b8fa95a658e4fce4f7cb
./.opencode/node_modules/zod/v4/core/schemas.js	73eb7d7474af05d191b86d654fc551fb7e0aca02ff87f6d56dc72cea9218b91f
./.opencode/node_modules/zod/v4/core/standard-schema.d.ts	309ebd217636d68cf8784cbc3272c16fb94fb8e969e18b6fe88c35200340aef1
./.opencode/node_modules/zod/v4/core/standard-schema.js	8e609bb71c20b858c77f0e9f90bb1319db8477b13f9f965f1a1e18524bf50881
./.opencode/node_modules/zod/v4/core/to-json-schema.d.ts	bdc0676fe9b2011992b6abccd1c15a565d2c201412f30c906697422f591d805f
./.opencode/node_modules/zod/v4/core/to-json-schema.js	c5974e08383d8de3daac020b49b5d62cda094231d6471bba1e1e1770ab635ce1
./.opencode/node_modules/zod/v4/core/util.d.ts	7062f2d8d0544f85f4c7398d2b08109e3a8c6fb1aae5b4b32b98567f5a9023fe
./.opencode/node_modules/zod/v4/core/util.js	d99bf396f177afe547703eff48b9746c360bfc2a2708adfd4a43e73768107b6c
./.opencode/node_modules/zod/v4/core/versions.d.ts	1ff91526fcdd634148c655ef86e912a273ce6a0239e2505701561f086678262b
./.opencode/node_modules/zod/v4/core/versions.js	bfacecc9f831ae6cc9fc756424f94fae36d4ed196c4a4cd3a34507e38fbeec6c
./.opencode/node_modules/zod/v4/index.d.ts	a4b634bb8c97cc700dbf165f3bb0095ec669042da72eaf28a7c5e2ddd98169ce
./.opencode/node_modules/zod/v4/index.js	a4b634bb8c97cc700dbf165f3bb0095ec669042da72eaf28a7c5e2ddd98169ce
./.opencode/node_modules/zod/v4/locales/ar.d.ts	7ceb8bc679a90951354f89379bc37228e7cf87b753069cd7b62310d5cbbe1f11
./.opencode/node_modules/zod/v4/locales/ar.js	0c5613adab2e098069d88056df27f0bc361028d94d6af8a6dc46dda381d2d82e
./.opencode/node_modules/zod/v4/locales/az.d.ts	7ceb8bc679a90951354f89379bc37228e7cf87b753069cd7b62310d5cbbe1f11
./.opencode/node_modules/zod/v4/locales/az.js	cfb3ebe34580912dfb02fd3c22dcc80213f29d0ad99062f30c0cf56a9f511258
./.opencode/node_modules/zod/v4/locales/be.d.ts	7ceb8bc679a90951354f89379bc37228e7cf87b753069cd7b62310d5cbbe1f11
./.opencode/node_modules/zod/v4/locales/be.js	b33d29e5b0f20b0520a8a05bbfcb1d96a43c205abac0f852d7e5e3eefc8450be
./.opencode/node_modules/zod/v4/locales/bg.d.ts	3b25e966fd93475d8ca2834194ea78321d741a21ca9d1f606b25ec99c1bbc29a
./.opencode/node_modules/zod/v4/locales/bg.js	cdf9a0d1e081b22d62dc927a8ec1bcc850261bd7b56a8dc84d5e94a306ac0db9
./.opencode/node_modules/zod/v4/locales/ca.d.ts	7ceb8bc679a90951354f89379bc37228e7cf87b753069cd7b62310d5cbbe1f11
./.opencode/node_modules/zod/v4/locales/ca.js	e3f8525c1ed6a8c1fa6ae9e2871e1a7bd2aec67c89764d51ef920553042337e3
./.opencode/node_modules/zod/v4/locales/cs.d.ts	7ceb8bc679a90951354f89379bc37228e7cf87b753069cd7b62310d5cbbe1f11
./.opencode/node_modules/zod/v4/locales/cs.js	ca1527d68c849ff85e65b8697688719dca8df431724d8f3a64831439017fc5ef
./.opencode/node_modules/zod/v4/locales/da.d.ts	7ceb8bc679a90951354f89379bc37228e7cf87b753069cd7b62310d5cbbe1f11
./.opencode/node_modules/zod/v4/locales/da.js	3187af9e566fdd251d09f3d73435a18025ae35ad3d46aa37272b7685a659ec3f
./.opencode/node_modules/zod/v4/locales/de.d.ts	7ceb8bc679a90951354f89379bc37228e7cf87b753069cd7b62310d5cbbe1f11
./.opencode/node_modules/zod/v4/locales/de.js	5b416bd06886b8eeedf0de4f162725636cf4b4af286a439fd4fca6bfae26b717
./.opencode/node_modules/zod/v4/locales/en.d.ts	3b25e966fd93475d8ca2834194ea78321d741a21ca9d1f606b25ec99c1bbc29a
./.opencode/node_modules/zod/v4/locales/en.js	e9c8a8c547a75b2c7e87a22387c21e8ae0592f849c7ebd2c92df9d23c6fb9f44
./.opencode/node_modules/zod/v4/locales/eo.d.ts	3b25e966fd93475d8ca2834194ea78321d741a21ca9d1f606b25ec99c1bbc29a
./.opencode/node_modules/zod/v4/locales/eo.js	bbe19901c076716e9fa04400aa7020d4f15c7e574d31b5c351132f3ffc75ca55
./.opencode/node_modules/zod/v4/locales/es.d.ts	7ceb8bc679a90951354f89379bc37228e7cf87b753069cd7b62310d5cbbe1f11
./.opencode/node_modules/zod/v4/locales/es.js	d8c2c16a0bfa3159692d76bcba304f21197e3daffffbb1c5bd95ae0b347e6fc9
./.opencode/node_modules/zod/v4/locales/fa.d.ts	7ceb8bc679a90951354f89379bc37228e7cf87b753069cd7b62310d5cbbe1f11
./.opencode/node_modules/zod/v4/locales/fa.js	a7e02bbae31de8be066017ace75dc6651d22a7a9cb8fe98e0a6075d027a902db
./.opencode/node_modules/zod/v4/locales/fi.d.ts	7ceb8bc679a90951354f89379bc37228e7cf87b753069cd7b62310d5cbbe1f11
./.opencode/node_modules/zod/v4/locales/fi.js	6e4fe271feac955c71c8597a47c4467191e8146ad548d8d3dcd9564e6b5a86cd
./.opencode/node_modules/zod/v4/locales/fr-CA.d.ts	7ceb8bc679a90951354f89379bc37228e7cf87b753069cd7b62310d5cbbe1f11
./.opencode/node_modules/zod/v4/locales/fr-CA.js	a2d5178451c0bd924d1e44cdbfa87109a3ababaf749eb1bc9db00039a2aa4cf4
./.opencode/node_modules/zod/v4/locales/fr.d.ts	7ceb8bc679a90951354f89379bc37228e7cf87b753069cd7b62310d5cbbe1f11
./.opencode/node_modules/zod/v4/locales/fr.js	e82a9f7655cd269e03fabfa04bb74096674dfec0ee61308c700eab6f2b7a9bb9
./.opencode/node_modules/zod/v4/locales/he.d.ts	7ceb8bc679a90951354f89379bc37228e7cf87b753069cd7b62310d5cbbe1f11
./.opencode/node_modules/zod/v4/locales/he.js	015ddb02e660e6fd950f26432c6a9748c84f0ef2dbacd9ebf7b7563ab35abba0
./.opencode/node_modules/zod/v4/locales/hu.d.ts	7ceb8bc679a90951354f89379bc37228e7cf87b753069cd7b62310d5cbbe1f11
./.opencode/node_modules/zod/v4/locales/hu.js	f5d7a779f7c4f2ea52bec6aca1c81f4c3a79924639727d2ca311a393ecfbb045
./.opencode/node_modules/zod/v4/locales/id.d.ts	7ceb8bc679a90951354f89379bc37228e7cf87b753069cd7b62310d5cbbe1f11
./.opencode/node_modules/zod/v4/locales/id.js	b67c815e4a8b91c178b610b5876083de40753f1811928e0a9682ff63223d88c6
./.opencode/node_modules/zod/v4/locales/index.d.ts	26965e789e579cd10968fb6ca81caa2ae50c16608185b16dbe84eb00a652b0cf
./.opencode/node_modules/zod/v4/locales/index.js	26965e789e579cd10968fb6ca81caa2ae50c16608185b16dbe84eb00a652b0cf
./.opencode/node_modules/zod/v4/locales/is.d.ts	3b25e966fd93475d8ca2834194ea78321d741a21ca9d1f606b25ec99c1bbc29a
./.opencode/node_modules/zod/v4/locales/is.js	703d8a1d77fb77192acf93fc4787f02d19d91d5bbd5a3aec21e7695b412cb9b2
./.opencode/node_modules/zod/v4/locales/it.d.ts	7ceb8bc679a90951354f89379bc37228e7cf87b753069cd7b62310d5cbbe1f11
./.opencode/node_modules/zod/v4/locales/it.js	5e444bce52d1505992a9803bf3abd30b91ccf5b022a2a3c21a9885daa2b687f1
./.opencode/node_modules/zod/v4/locales/ja.d.ts	7ceb8bc679a90951354f89379bc37228e7cf87b753069cd7b62310d5cbbe1f11
./.opencode/node_modules/zod/v4/locales/ja.js	c7ecc379e0230066cc25a63597506521e68a76987b6c99f0b861d5240ce1e7d4
./.opencode/node_modules/zod/v4/locales/ka.d.ts	3b25e966fd93475d8ca2834194ea78321d741a21ca9d1f606b25ec99c1bbc29a
./.opencode/node_modules/zod/v4/locales/ka.js	90a891f22c612ad6eecf6975d58e7ce322b193e2fe3895cf8b7c800d9a2c8638
./.opencode/node_modules/zod/v4/locales/kh.d.ts	e2a9a2ee24da53cf39abdc8ccb2c8b09e8b6b7c8f692448b90698d5208ed5e2d
./.opencode/node_modules/zod/v4/locales/kh.js	78c3d1991041bb8c8fc0f7c5d745aae422d4c2e4e8f30bae44f3fef4765900a8
./.opencode/node_modules/zod/v4/locales/km.d.ts	7ceb8bc679a90951354f89379bc37228e7cf87b753069cd7b62310d5cbbe1f11
./.opencode/node_modules/zod/v4/locales/km.js	52059ef27113a2c5609014d8de482a6b7e644f1721691644f818ebc2aa50e6be
./.opencode/node_modules/zod/v4/locales/ko.d.ts	7ceb8bc679a90951354f89379bc37228e7cf87b753069cd7b62310d5cbbe1f11
./.opencode/node_modules/zod/v4/locales/ko.js	f87cdcf6b3f89762d1331a670cbff687aa52d34beb7d0e0bcba9f9202f667308
./.opencode/node_modules/zod/v4/locales/lt.d.ts	3b25e966fd93475d8ca2834194ea78321d741a21ca9d1f606b25ec99c1bbc29a
./.opencode/node_modules/zod/v4/locales/lt.js	f3a346e1f39e0dead4d57ae412f6e40247efc5344de30a3326fbf0cbbd2b3647
./.opencode/node_modules/zod/v4/locales/mk.d.ts	7ceb8bc679a90951354f89379bc37228e7cf87b753069cd7b62310d5cbbe1f11
./.opencode/node_modules/zod/v4/locales/mk.js	dc64be99e35535aa7ffd648182dd7cfe3a51be08ad373d3bd12907b08acde24b
./.opencode/node_modules/zod/v4/locales/ms.d.ts	7ceb8bc679a90951354f89379bc37228e7cf87b753069cd7b62310d5cbbe1f11
./.opencode/node_modules/zod/v4/locales/ms.js	5bd7da46aa238951a3f65dfd99d658582005dbb6b6b5586866fc4123fe9da582
./.opencode/node_modules/zod/v4/locales/nl.d.ts	7ceb8bc679a90951354f89379bc37228e7cf87b753069cd7b62310d5cbbe1f11
./.opencode/node_modules/zod/v4/locales/nl.js	b3bc897777d2ab5435c08dc65a75ec3e29f168b7e3fd70cbddd52a4960471712
./.opencode/node_modules/zod/v4/locales/no.d.ts	7ceb8bc679a90951354f89379bc37228e7cf87b753069cd7b62310d5cbbe1f11
./.opencode/node_modules/zod/v4/locales/no.js	c38a1e0b0cb4398fdabbffdbd1dd59a176535372f6af0226cfd6a600914f918a
./.opencode/node_modules/zod/v4/locales/ota.d.ts	7ceb8bc679a90951354f89379bc37228e7cf87b753069cd7b62310d5cbbe1f11
./.opencode/node_modules/zod/v4/locales/ota.js	1a52c600e988011d30a150fac78176323a3ddf9d93db44cc13c665bca2ddc297
./.opencode/node_modules/zod/v4/locales/package.json	5cb4c7dad36258f0c5b26d914adfebd66105dddc4af3c12d2b3173e7e5674191
./.opencode/node_modules/zod/v4/locales/pl.d.ts	7ceb8bc679a90951354f89379bc37228e7cf87b753069cd7b62310d5cbbe1f11
./.opencode/node_modules/zod/v4/locales/pl.js	482246e5da9d86498189e027bcc7e034b9c729dc07a875f78de3ec5ee47f0fc9
./.opencode/node_modules/zod/v4/locales/ps.d.ts	7ceb8bc679a90951354f89379bc37228e7cf87b753069cd7b62310d5cbbe1f11
./.opencode/node_modules/zod/v4/locales/ps.js	29f11ca76393fc30b3f7aa0af116bd29a3caf07b09e3113bb16bd0b443339552
./.opencode/node_modules/zod/v4/locales/pt.d.ts	7ceb8bc679a90951354f89379bc37228e7cf87b753069cd7b62310d5cbbe1f11
./.opencode/node_modules/zod/v4/locales/pt.js	d9a033407c895b3cb239d7ae7c7946b7487a5c7c5988e4523fe338566190ac9d
./.opencode/node_modules/zod/v4/locales/ru.d.ts	7ceb8bc679a90951354f89379bc37228e7cf87b753069cd7b62310d5cbbe1f11
./.opencode/node_modules/zod/v4/locales/ru.js	12ca3536916e5b947e920e29cd48fba0b1daf0712eff575b9ff43b1f15a4ed47
./.opencode/node_modules/zod/v4/locales/sl.d.ts	7ceb8bc679a90951354f89379bc37228e7cf87b753069cd7b62310d5cbbe1f11
./.opencode/node_modules/zod/v4/locales/sl.js	a6513b3ae705f46deaf3adaf6e7d38642ccb2b8c9844e8d8086efb4d33876007
./.opencode/node_modules/zod/v4/locales/sv.d.ts	7ceb8bc679a90951354f89379bc37228e7cf87b753069cd7b62310d5cbbe1f11
./.opencode/node_modules/zod/v4/locales/sv.js	132cb1f90932fd7f687a1f7b6f050a589c9e25dab5f78078d1a60bc981d91a1d
./.opencode/node_modules/zod/v4/locales/ta.d.ts	7ceb8bc679a90951354f89379bc37228e7cf87b753069cd7b62310d5cbbe1f11
./.opencode/node_modules/zod/v4/locales/ta.js	8ceaba6e203b9fc6ff2ef8062f5fe0677c38a06aee0e2eaee4f5c6b6d4c92bad
./.opencode/node_modules/zod/v4/locales/th.d.ts	7ceb8bc679a90951354f89379bc37228e7cf87b753069cd7b62310d5cbbe1f11
./.opencode/node_modules/zod/v4/locales/th.js	0c219854cfd59b9c7fac532130c2d8a3c344a493dd3c361b60d2fadea4afa45b
./.opencode/node_modules/zod/v4/locales/tr.d.ts	3b25e966fd93475d8ca2834194ea78321d741a21ca9d1f606b25ec99c1bbc29a
./.opencode/node_modules/zod/v4/locales/tr.js	5899564068c44d6321135e441c8841a0c87fcee7f1c2ffb6e075c81b861a5963
./.opencode/node_modules/zod/v4/locales/ua.d.ts	6484b25a0de66353ff65d498318289e1ee89515bd6105c73d64dddfff8835699
./.opencode/node_modules/zod/v4/locales/ua.js	9391169ffbc72f777a83230b6ffcc3f4cf46ab5945ec540de9ef4609dca1f4cc
./.opencode/node_modules/zod/v4/locales/uk.d.ts	7ceb8bc679a90951354f89379bc37228e7cf87b753069cd7b62310d5cbbe1f11
./.opencode/node_modules/zod/v4/locales/uk.js	67a00c4c9a06d6a9c84c5d598230d28a9be97eeb023c455c4300bcbb67f85baf
./.opencode/node_modules/zod/v4/locales/ur.d.ts	7ceb8bc679a90951354f89379bc37228e7cf87b753069cd7b62310d5cbbe1f11
./.opencode/node_modules/zod/v4/locales/ur.js	673c79cb79ea713c7db86a20d69e8e7276bbc5aa9877c1b9f1230e309aa30ac8
./.opencode/node_modules/zod/v4/locales/vi.d.ts	7ceb8bc679a90951354f89379bc37228e7cf87b753069cd7b62310d5cbbe1f11
./.opencode/node_modules/zod/v4/locales/vi.js	669dc347036da69f481fd43aaf60c24badb4ff52906aa59ea86735028274ac5c
./.opencode/node_modules/zod/v4/locales/yo.d.ts	7ceb8bc679a90951354f89379bc37228e7cf87b753069cd7b62310d5cbbe1f11
./.opencode/node_modules/zod/v4/locales/yo.js	48269d5416f0a497c777ae28f1724263e2051ff69134fcc307c57faabbc3b470
./.opencode/node_modules/zod/v4/locales/zh-CN.d.ts	7ceb8bc679a90951354f89379bc37228e7cf87b753069cd7b62310d5cbbe1f11
./.opencode/node_modules/zod/v4/locales/zh-CN.js	88dd19ebe066ad328ce315b9da17d8c6dbe76a44bda9b48128809d864392637a
./.opencode/node_modules/zod/v4/locales/zh-TW.d.ts	7ceb8bc679a90951354f89379bc37228e7cf87b753069cd7b62310d5cbbe1f11
./.opencode/node_modules/zod/v4/locales/zh-TW.js	40d3639fd0b600c2eea303d359f36dcb34ccaceccbb27c00fabfd1d6d5761415
./.opencode/node_modules/zod/v4/mini/checks.d.ts	3fbf0aa59f99b6e4d640cd2b062cff9537530af3f5bfed4f862a7f18a9caa839
./.opencode/node_modules/zod/v4/mini/checks.js	3fbf0aa59f99b6e4d640cd2b062cff9537530af3f5bfed4f862a7f18a9caa839
./.opencode/node_modules/zod/v4/mini/coerce.d.ts	ddbf61f8fb60c82085677c1ea3393c534f3885f61ff7ebb4559575a03f82a4cf
./.opencode/node_modules/zod/v4/mini/coerce.js	ef3cb07ee9217997976afe9e2639d63eb4b926ef58a5fb9c24ac80855e529a93
./.opencode/node_modules/zod/v4/mini/external.d.ts	305cb5e50a3e4e49a2004e59c17fce5caa25c8d22ec340b0e762b23164c5a641
./.opencode/node_modules/zod/v4/mini/external.js	d56f0c9c15524cd7dc217b912f68c589863fa515401c315982f06cac917c8727
./.opencode/node_modules/zod/v4-mini/index.d.ts	cf94ca2939d655e17fdfd1d0a3aceb4cbeb040d8946e9c9c1eaa5cc734dc69c8
./.opencode/node_modules/zod/v4/mini/index.d.ts	455d93e660b61feec18cd4c31e2f394627546ae8ab31f9bacdab6318112ac31c
./.opencode/node_modules/zod/v4-mini/index.js	cf94ca2939d655e17fdfd1d0a3aceb4cbeb040d8946e9c9c1eaa5cc734dc69c8
./.opencode/node_modules/zod/v4/mini/index.js	455d93e660b61feec18cd4c31e2f394627546ae8ab31f9bacdab6318112ac31c
./.opencode/node_modules/zod/v4/mini/iso.d.ts	3f2f3b037cd2ba39395aa6628fb616f4642ae8cbab3b0f9ef786213745538658
./.opencode/node_modules/zod/v4/mini/iso.js	1829996a8bbebfce7e4e6ca384e3ef6aeb2d88cda5ae7f7eeec24904ba688cef
./.opencode/node_modules/zod/v4-mini/package.json	5cb4c7dad36258f0c5b26d914adfebd66105dddc4af3c12d2b3173e7e5674191
./.opencode/node_modules/zod/v4/mini/package.json	5cb4c7dad36258f0c5b26d914adfebd66105dddc4af3c12d2b3173e7e5674191
./.opencode/node_modules/zod/v4/mini/parse.d.ts	db605a698f917c4006462596e6526fe6a9c6eff9b8409e8472fe545d4b70027c
./.opencode/node_modules/zod/v4/mini/parse.js	db605a698f917c4006462596e6526fe6a9c6eff9b8409e8472fe545d4b70027c
./.opencode/node_modules/zod/v4/mini/schemas.d.ts	ec8e232365211878d47e3db95701346e8d3f1aea5c7049c6e84b3ca1be0d934b
./.opencode/node_modules/zod/v4/mini/schemas.js	d79e807c5eb58cfcb80597b7a38270862b1af876721baf8556210c9a27cb82cc
./.opencode/node_modules/zod/v4/package.json	5cb4c7dad36258f0c5b26d914adfebd66105dddc4af3c12d2b3173e7e5674191
./.opencode/package.json	b0fba10781a837cfd469a56e5b85db77ea697968b3952cf634da9406bda884c6
./README.md	33e5a782e530178561c7323c4f0c27f897c663ae5cf44644ab4f5dd9ddcab1e4
./.zed/settings.json	a73d6451ef96cae5b19561585d0cb26fd7af787155c9fe5fad1c34f8293b163d
